handles_(novel)	handles_(novel)
every_inch_a_king	every_inch_a_king
eagle_strike	eagle_strike
first_love,_last_rites	first_love,_last_rites
hello,_harvest_moon	hello,_harvest_moon
servant_of_the_empire	servant_of_the_empire
the_psychology_of_the_simpsons	the_psychology_of_the_simpsons
the_adventure_of_the_singular_sandwich	the_adventure_of_the_singular_sandwich
personal_recollections_of_joan_of_arc	personal_recollections_of_joan_of_arc
marked_by_fire	marked_by_fire
wayside_school_gets_a_little_stranger	wayside_school_gets_a_little_stranger
the_way_through_the_woods	the_way_through_the_woods
introduction_to_objectivist_epistemology	introduction_to_objectivist_epistemology
journey_to_the_stone_country	journey_to_the_stone_country
armageddon_in_retrospect	armageddon_in_retrospect
the_twins_(novel)	the_twins_(novel)
faded_steel_heat	faded_steel_heat
dunc's_halloween	dunc's_halloween
the_extended_phenotype	the_extended_phenotype
fig_pudding	fig_pudding
the_winter_of_frankie_machine	the_winter_of_frankie_machine
dans_l'enfer_des_tournantes	dans_l'enfer_des_tournantes
music_for_chameleons	music_for_chameleons
the_emperor_of_absurdia	the_emperor_of_absurdia
vanajan_joanna	vanajan_joanna
skeleton_key_(novel)	skeleton_key_(novel)
until_i_find_you	until_i_find_you
landscape_of_farewell	landscape_of_farewell
an_urchin_in_the_storm	an_urchin_in_the_storm
the_book_on_adler	the_book_on_adler
doctor_fischer_of_geneva	doctor_fischer_of_geneva
magic_(novel)	magic_(novel)
goggle-eyes	goggle-eyes
commonwealth_saga	commonwealth_saga
the_early_ayn_rand	the_early_ayn_rand
the_prometheus_deception	the_prometheus_deception
feather_boy	feather_boy
the_end_(novel)	the_end_(novel)
the_perfect_thing	the_perfect_thing
the_ruins_of_gorlan	the_ruins_of_gorlan
tuulihaukka	tuulihaukka
a_dog's_tale	a_dog's_tale
wonder_boys	wonder_boys
bully_for_brontosaurus	bully_for_brontosaurus
high_deryni	high_deryni
old_tin_sorrows	old_tin_sorrows
the_concept_of_anxiety	the_concept_of_anxiety
children_playing_before_a_statue_of_hercules	children_playing_before_a_statue_of_hercules
the_elegance_of_the_hedgehog	the_elegance_of_the_hedgehog
union_street_(novel)	union_street_(novel)
the_mismeasure_of_man	the_mismeasure_of_man
kartanonherra_ja_kaunis_kirstin	kartanonherra_ja_kaunis_kirstin
camber_the_heretic	camber_the_heretic
firewall_(henning_mankell_novel)	firewall_(henning_mankell_novel)
imzadi	imzadi
the_bridge_at_no_gun_ri	the_bridge_at_no_gun_ri
that_rabbit_belongs_to_emily_brown	that_rabbit_belongs_to_emily_brown
nocturnes_(book)	nocturnes_(book)
the_exploits_of_solar_pons	the_exploits_of_solar_pons
the_voyage_of_the_sable_keech	the_voyage_of_the_sable_keech
marshfield_dreams	marshfield_dreams
the_end_of_education	the_end_of_education
on_the_road_to_kandahar	on_the_road_to_kandahar
stamboul_train	stamboul_train
wild_ducks_flying_backward	wild_ducks_flying_backward
distant_star	distant_star
extinction_(bernhard_novel)	extinction_(bernhard_novel)
arthur_&_george	arthur_&_george
tehelka_as_metaphor	tehelka_as_metaphor
pirate_diary	pirate_diary
the_demigod_files	the_demigod_files
eat,_pray,_love	eat,_pray,_love
saint_genet	saint_genet
mistress_of_the_empire	mistress_of_the_empire
hover_car_racer	hover_car_racer
nazi_literature_in_the_americas	nazi_literature_in_the_americas
exit_ghost	exit_ghost
the_ruins_(novel)	the_ruins_(novel)
trust_me_(book)	trust_me_(book)
following_the_equator	following_the_equator
black_dogs	black_dogs
riders_in_the_chariot	riders_in_the_chariot
bad_girls_(voigt_novel)	bad_girls_(voigt_novel)
even_cowgirls_get_the_blues_(novel)	even_cowgirls_get_the_blues_(novel)
an_inconvenient_book	an_inconvenient_book
the_wench_is_dead	the_wench_is_dead
how_angel_peterson_got_his_name	how_angel_peterson_got_his_name
rusalka_(book)	rusalka_(book)
jitterbug_perfume	jitterbug_perfume
jimmy_the_hand_(novel)	jimmy_the_hand_(novel)
i_want_to_go_home	i_want_to_go_home
eight_little_piggies	eight_little_piggies
the_autograph_man	the_autograph_man
a_word_child	a_word_child
dairy_queen_(novel)	dairy_queen_(novel)
marvin_k._mooney_will_you_please_go_now!	marvin_k._mooney_will_you_please_go_now!
clash_of_eagles	clash_of_eagles
merchanter's_luck	merchanter's_luck
rachel's_tears	rachel's_tears
the_riddle_of_the_third_mile	the_riddle_of_the_third_mile
la_ronde_et_autres_faits_divers	la_ronde_et_autres_faits_divers
king_kelson's_bride	king_kelson's_bride
elite_da_tropa	elite_da_tropa
after_this	after_this
the_hundred_days_(novel)	the_hundred_days_(novel)
letting_go_(novel)	letting_go_(novel)
dinosaur_in_a_haystack	dinosaur_in_a_haystack
i_kissed_dating_goodbye	i_kissed_dating_goodbye
becoming_the_villainess	becoming_the_villainess
exile's_gate	exile's_gate
planet_of_twilight	planet_of_twilight
portnoy's_complaint	portnoy's_complaint
that's_not_what_i_meant!	no_deals,_mr._bond
that's_not_what_i_meant!	manual_of_the_planes
the_bonehunters	the_bonehunters
how_the_grinch_stole_christmas!	how_the_grinch_stole_christmas!
framing_the_early_middle_ages	framing_the_early_middle_ages
diary_of_a_wimpy_kid	diary_of_a_wimpy_kid
hotel_world	hotel_world
brief_interviews_with_hideous_men	while_i_was_gone
brief_interviews_with_hideous_men	brief_interviews_with_hideous_men
brief_interviews_with_hideous_men	disco_bloodbath
the_boy_who_lost_his_face	the_boy_who_lost_his_face
there's_a_girl_in_my_hammerlock	there's_a_girl_in_my_hammerlock
the_innocent_(mcewan_novel)	the_innocent_(mcewan_novel)
anna_karenina	anna_karenina
child_of_the_prophecy	child_of_the_prophecy
in_the_woods	in_the_woods
the_white_rose_(cook_novel)	the_white_rose_(cook_novel)
the_road_of_bones	the_road_of_bones
the_bishop's_heir	the_bishop's_heir
the_sweetest_fig	the_sweetest_fig
the_sweetest_fig	dogzilla_(picture_book)
the_sweetest_fig	the_night_at_the_museum
for_the_new_intellectual	for_the_new_intellectual
auguries_of_innocence_(patti_smith_poems)	auguries_of_innocence_(patti_smith_poems)
the_eye_of_the_storm_(novel)	the_eye_of_the_storm_(novel)
house_of_chains	house_of_chains
the_cat_who_had_60_whiskers	the_cat_who_had_60_whiskers
cover_up_(novel)	cover_up_(novel)
ciske_de_rat	ciske_de_rat
counting_the_eons	counting_the_eons
sevastopol_sketches	sevastopol_sketches
life_on_the_mississippi	life_on_the_mississippi
interzone_(book)	interzone_(book)
monica's_story	monica's_story
letter_to_a_christian_nation	letter_to_a_christian_nation
holes_(novel)	holes_(novel)
malazan_book_of_the_fallen	malazan_book_of_the_fallen
conditions_of_faith	conditions_of_faith
the_lightning_thief	the_lightning_thief
the_bedroom_secrets_of_the_master_chefs	the_bedroom_secrets_of_the_master_chefs
the_tragedy_of_arthur	the_tragedy_of_arthur
travels_with_my_aunt	travels_with_my_aunt
trouble_under_oz	trouble_under_oz
the_silver_branch_(sutcliff_novel)	the_silver_branch_(sutcliff_novel)
the_dreamstone_(novel)	the_dreamstone_(novel)
blackwater_(novelette)	blackwater_(novelette)
the_party_of_death	the_party_of_death
son_of_interflux	son_of_interflux
general_winston's_daughter	general_winston's_daughter
feast_of_souls	feast_of_souls
this_can't_be_happening_at_macdonald_hall	this_can't_be_happening_at_macdonald_hall
the_encyclopedia_of_fantasy	the_encyclopedia_of_fantasy
janissaries_(novel)	janissaries_(novel)
our_man_in_havana	our_man_in_havana
the_jewel_that_was_ours	the_jewel_that_was_ours
your_heiress_diary	your_heiress_diary
moral_minds	moral_minds
the_cat_in_the_hat	the_cat_in_the_hat
a_son_of_the_circus	a_son_of_the_circus
a_simple_plan_(novel)	marion_zimmer_bradley's_darkover
a_simple_plan_(novel)	a_simple_plan_(novel)
m33_in_andromeda	m33_in_andromeda
the_day_of_the_owl	the_day_of_the_owl
the_sell-in	the_sell-in
in_the_king's_service	in_the_king's_service
london_fields_(novel)	london_fields_(novel)
tunnels_of_blood	tunnels_of_blood
deryni_rising	deryni_rising
katrina_(novel)	katrina_(novel)
the_sickness_unto_death	the_sickness_unto_death
a_tragic_legacy	a_tragic_legacy
steering_the_craft	steering_the_craft
flour_babies	flour_babies
the_phantom_of_manhattan	the_phantom_of_manhattan
fork_me,_spoon_me	fork_me,_spoon_me
dave_barry_turns_50	dave_barry_turns_50
the_meaning_of_things	the_meaning_of_things
dereliction_of_duty_(1997_book)	dereliction_of_duty_(1997_book)
city_of_joy	city_of_joy
the_hallo-wiener	the_hallo-wiener
brethren_(novel)	brethren_(novel)
welcome_to_the_monkey_house	welcome_to_the_monkey_house
the_conscience_of_a_liberal	the_conscience_of_a_liberal
the_burnt_ones	the_burnt_ones
the_house_that_stood_still	the_house_that_stood_still
vaskilintu	vaskilintu
angel_at_the_fence	angel_at_the_fence
rimrunners	rimrunners
the_fourth_hand	the_fourth_hand
the_goblin_mirror	the_goblin_mirror
the_stories_of_vladimir_nabokov	the_stories_of_vladimir_nabokov
triton_(collection)	triton_(collection)
deryni_checkmate	deryni_checkmate
rogue_ship	rogue_ship
always_outnumbered,_always_outgunned	always_outnumbered,_always_outgunned
animal,_vegetable,_miracle	animal,_vegetable,_miracle
the_pelican_brief	the_pelican_brief
river_secrets	river_secrets
the_story_of_science_in_america	the_story_of_science_in_america
the_solid_mandala	the_solid_mandala
just_in_case	just_in_case
charlie_siringo's_west	charlie_siringo's_west
a_solitary_grief	fates_worse_than_death
a_solitary_grief	memories_with_food_at_gipsy_house
a_solitary_grief	a_solitary_grief
a_solitary_grief	the_secret_of_the_universe
mortal_fear_(novel)	mortal_fear_(novel)
the_sandman_(book)	the_sandman_(book)
werewolves_in_their_youth	werewolves_in_their_youth
the_tiger_in_the_well	the_tiger_in_the_well
blind_faith_(book)	another_gospel
anil's_ghost	anil's_ghost
understanding_consciousness	understanding_consciousness
saint_camber	saint_camber
the_sigma_protocol	the_sigma_protocol
the_king's_justice	the_king's_justice
how_to_be_cool	how_to_be_cool
breakfast_at_tiffany's_(novella)	breakfast_at_tiffany's_(novella)
the_thief_queen's_daughter	the_thief_queen's_daughter
i_was_a_rat!_or_the_scarlet_slippers	i_was_a_rat!_or_the_scarlet_slippers
shadow_forest	shadow_forest
the_cambridge_grammar_of_the_english_language	the_cambridge_grammar_of_the_english_language
exterminator!	exterminator!
the_five_greatest_warriors	the_five_greatest_warriors
back_when_we_were_grownups	back_when_we_were_grownups
once_upon_a_nightwish	once_upon_a_nightwish
talking_it_over	talking_it_over
in_cold_blood	in_cold_blood
animal_(book)	animal_(book)
divisadero_(novel)	divisadero_(novel)
the_weapon_makers	the_weapon_makers
i_have_landed	i_have_landed
critique_of_dialectical_reason	critique_of_dialectical_reason
the_negotiator_(novel)	the_negotiator_(novel)
the_human_factor	the_human_factor
strider_(novel)	strider_(novel)
the_day_of_the_dinosaur	the_day_of_the_dinosaur
heavier_than_heaven	heavier_than_heaven
i_am_wings	i_am_wings
07_seconds_or_less	07_seconds_or_less
river_out_of_eden	river_out_of_eden
dog_wizard	dog_wizard
one_day_(novel)	one_day_(novel)
ginger_(book)	ginger_(book)
the_no_asshole_rule	the_no_asshole_rule
the_return_of_the_dancing_master	the_return_of_the_dancing_master
revenge_of_the_lawn	revenge_of_the_lawn
dave_barry_turns_40	dave_barry_turns_40
the_imaginary_(sartre)	the_imaginary_(sartre)
paper_shadows	paper_shadows
ivan_the_terrible_(novel)	ivan_the_terrible_(novel)
a_painted_house	a_painted_house
fates_worse_than_death	fates_worse_than_death
saippuaprinsessa	saippuaprinsessa
a_matter_of_profit	a_matter_of_profit
the_dirt	the_dirt
the_wages_of_destruction	the_wages_of_destruction
a_monstrous_regiment_of_women	a_monstrous_regiment_of_women
ingo_(novel)	ingo_(novel)
ark_angel	ark_angel
the_hand_of_the_devil_(novel)	the_hand_of_the_devil_(novel)
fire_in_the_mist	fire_in_the_mist
the_holcroft_covenant	the_holcroft_covenant
the_scorpio_illusion	the_scorpio_illusion
the_scorpio_illusion	political_liberalism
a_masculine_ending	a_masculine_ending
miracle's_boys_(novel)	miracle's_boys_(novel)
the_right_attitude_to_rain	the_right_attitude_to_rain
help_at_any_cost	help_at_any_cost
jazzy_in_the_jungle	jazzy_in_the_jungle
the_war_with_mr._wizzle	the_war_with_mr._wizzle
no_more_dead_dogs	no_more_dead_dogs
rommel_drives_on_deep_into_egypt	rommel_drives_on_deep_into_egypt
crossing_the_river	the_wives_of_bath
crossing_the_river	crossing_the_river
the_vile_village	the_vile_village
in_the_heart_of_the_sea	in_the_heart_of_the_sea
taipei_(novel)	taipei_(novel)
evolution_of_the_vertebrates	evolution_of_the_vertebrates
a_long_long_way	a_long_long_way
good_masters!_sweet_ladies!	good_masters!_sweet_ladies!
a_widow_for_one_year	a_widow_for_one_year
divided_city	divided_city
the_good_apprentice	the_good_apprentice
the_fabled_fourth_graders_of_aesop_elementary_school	the_fabled_fourth_graders_of_aesop_elementary_school
the_yage_letters	the_yage_letters
morgan's_run	morgan's_run
erak's_ransom	erak's_ransom
the_tenth_circle	the_tenth_circle
trying_to_save_piggy_sneed	trying_to_save_piggy_sneed
skywriting_by_word_of_mouth	skywriting_by_word_of_mouth
alida's_song	alida's_song
energy_work	energy_work
a_devil's_chaplain	a_devil's_chaplain
midaq_alley_(novel)	midaq_alley_(novel)
the_innocents_abroad	the_innocents_abroad
amulet_(novel)	amulet_(novel)
a_spot_of_bother	a_spot_of_bother
childe_morgan	childe_morgan
white_line_fever_(book)	white_line_fever_(book)
how_i_live_now	how_i_live_now
marathon_man_(novel)	marathon_man_(novel)
the_jane_austen_book_club	the_jane_austen_book_club
seizure_(cook_novel)	seizure_(cook_novel)
masters_of_time	masters_of_time
the_skating_rink	the_skating_rink
the_doors_of_perception	the_doors_of_perception
confessions_of_a_video_vixen	confessions_of_a_video_vixen
the_meaning_of_liff	the_meaning_of_liff
the_sandcastle_(novel)	the_sandcastle_(novel)
i_am_david	i_am_david
the_twyborn_affair	the_twyborn_affair
britain's_everyday_heroes	britain's_everyday_heroes
climbing_mount_improbable	climbing_mount_improbable
felidae_(novel)	sure_of_you
felidae_(novel)	felidae_(novel)
dermaphoria	dermaphoria
necropolis_(horowitz_novel)	necropolis_(horowitz_novel)
faerie_tale	faerie_tale
king_leopold's_soliloquy	king_leopold's_soliloquy
a_long_way_gone	a_long_way_gone
more_sideways_arithmetic_from_wayside_school	more_sideways_arithmetic_from_wayside_school
the_code_of_romulus	the_code_of_romulus
the_galilee_hitch-hiker	the_galilee_hitch-hiker
the_tide_knot	the_tide_knot
brass_man	brass_man
alternate_realities_(cherryh)	alternate_realities_(cherryh)
the_rules	the_rules
tales_from_the_mos_eisley_cantina	tales_from_the_mos_eisley_cantina
too_far_to_go	too_far_to_go
philosophical_fragments	philosophical_fragments
godslayer	godslayer
on_truth	on_truth
when_a_monster_is_born	when_a_monster_is_born
deadly_quicksilver_lies	deadly_quicksilver_lies
rakas_henrietta	rakas_henrietta
that_pesky_rat	that_pesky_rat
the_winter_knights	the_winter_knights
the_quest_for_saint_camber	the_quest_for_saint_camber
assassin's_apprentice	assassin's_apprentice
the_remorseful_day	the_remorseful_day
the_ancestor's_tale	the_ancestor's_tale
death_is_now_my_neighbour	the_daughters_of_cain
death_is_now_my_neighbour	death_is_now_my_neighbour
the_art_of_seeing	the_art_of_seeing
how_to_design_programs	how_to_design_programs
sula_(novel)	sula_(novel)
the_ghost_writer	the_ghost_writer
epicenter_(book)	epicenter_(book)
for_one_more_day	for_one_more_day
oakleaf_bearers	oakleaf_bearers
the_nasty_bits	the_nasty_bits
jazz_(novel)	jazz_(novel)
the_jesus_dynasty	the_jesus_dynasty
naked_came_the_phoenix	naked_came_the_phoenix
the_emerald_wand_of_oz	the_emerald_wand_of_oz
reaper's_gale	reaper's_gale
the_queen's_nose	the_queen's_nose
flaubert's_parrot	flaubert's_parrot
smart_mobs	smart_mobs
stellaluna	stellaluna
concluding_unscientific_postscript_to_philosophical_fragments	concluding_unscientific_postscript_to_philosophical_fragments
the_penalty_(novel)	the_penalty_(novel)
the_end_of_poverty	the_end_of_poverty
karjalan_kruunu	karjalan_kruunu
monkey_hunting	shutter_island
the_tenth_man_(novel)	the_tenth_man_(novel)
what_i_was	what_i_was
american_government_(textbook)	american_government_(textbook)
catcall_(novel)	catcall_(novel)
the_ocean_at_the_end_of_the_lane	the_ocean_at_the_end_of_the_lane
enduring_love	enduring_love
the_assassin's_song	the_assassin's_song
the_rainbird_pattern	the_rainbird_pattern
on_the_mountain	on_the_mountain
the_innocent_mage	the_innocent_mage
my_big_fat_supernatural_honeymoon	my_big_fat_supernatural_honeymoon
the_robber_bride	the_robber_bride
cold_copper_tears	cold_copper_tears
children_of_tomorrow	children_of_tomorrow
the_white_mercedes	the_white_mercedes
fast_food_nation	fast_food_nation
the_law_of_dreams	the_law_of_dreams
chernevog	chernevog
the_black_tattoo	the_black_tattoo
the_miserable_mill	the_miserable_mill
dreams_of_steel	dreams_of_steel
dream_stuff	dream_stuff
the_doll_people	the_doll_people
one_step_behind_(novel)	one_step_behind_(novel)
rider_at_the_gate	rider_at_the_gate
pizza_kittens	pizza_kittens
the_art_of_the_metaobject_protocol	the_art_of_the_metaobject_protocol
line_war	line_war
faceless_killers	faceless_killers
the_one_tree	the_one_tree
the_hostile_hospital	the_hostile_hospital
the_mirador_(novel)	the_mirador_(novel)
the_wounded_land	the_wounded_land
still_life_with_woodpecker	still_life_with_woodpecker
tar_baby_(novel)	tar_baby_(novel)
reheated_cabbage	reheated_cabbage
into_a_dark_realm	into_a_dark_realm
the_italian_girl	the_italian_girl
the_refugees	the_refugees
kiss_the_girls	kiss_the_girls
spencerville_(novel)	spencerville_(novel)
tales_beyond_time	tales_beyond_time
something_special_(short_story)	something_special_(short_story)
paradise_(novel)	paradise_(novel)
my_many_colored_days	my_many_colored_days
the_boozer_challenge	this_boy's_life
the_boozer_challenge	the_cat_who_went_underground
the_honorary_consul	the_honorary_consul
a_small_death_in_lisbon	a_small_death_in_lisbon
the_penelopiad	the_penelopiad
the_harrowing_of_gwynedd	the_harrowing_of_gwynedd
daddy_(novel)	fine_things
daddy_(novel)	the_real_frank_zappa_book
daddy_(novel)	daddy_(novel)
little_mouse's_big_book_of_fears	little_mouse's_big_book_of_fears
the_odessa_file	the_odessa_file
the_acid_house	the_acid_house
mordant's_need	mordant's_need
sidetracked_(novel)	sidetracked_(novel)
the_western_lands	the_western_lands
children_of_the_jedi	children_of_the_jedi
storm_(novella)	storm_(novella)
sweeney_astray	sweeney_astray
on_chesil_beach	on_chesil_beach
clockwork_(novel)	clockwork_(novel)
raven's_gate	raven's_gate
the_place_of_dead_roads	the_place_of_dead_roads
the_six_sacred_stones	the_six_sacred_stones
dark_valley_destiny	dark_valley_destiny
women_en_large	women_en_large
the_secret_art_of_dr._seuss	the_secret_art_of_dr._seuss
end_of_the_spear_(book)	end_of_the_spear_(book)
ever_since_darwin	ever_since_darwin
the_water-method_man	the_water-method_man
both_sides_of_time	both_sides_of_time
lifeblood_(novel)	lifeblood_(novel)
the_thanksgiving_visitor	the_thanksgiving_visitor
science_of_survival	science_of_survival
the_silent_gondoliers	the_silent_gondoliers
the_art_of_detection	the_art_of_detection
wittgenstein's_nephew	wittgenstein's_nephew
the_story_of_tracy_beaker	the_story_of_tracy_beaker
bad_girls_(wilson_novel)	bad_girls_(wilson_novel)
hunter_of_worlds	hunter_of_worlds
atonement_(novel)	atonement_(novel)
man_on_the_moon_(book)	man_on_the_moon_(book)
rabbit,_run	rabbit,_run
drood_(novel)	drood_(novel)
everyman_(novel)	everyman_(novel)
incendiary_(novel)	incendiary_(novel)
the_carnivorous_carnival	the_carnivorous_carnival
deerskin_(novel)	deerskin_(novel)
miriam_(short_story)	miriam_(short_story)
no_comebacks	no_comebacks
the_deep_(novel)	the_deep_(novel)
friends,_lovers,_chocolate	friends,_lovers,_chocolate
white_mughals	white_mughals
sideways_arithmetic_from_wayside_school	sideways_arithmetic_from_wayside_school
a_supposedly_fun_thing_i'll_never_do_again	a_supposedly_fun_thing_i'll_never_do_again
no_coins,_please	no_coins,_please
the_perfect_storm_(book)	the_perfect_storm_(book)
time's_arrow,_time's_cycle	time's_arrow,_time's_cycle
atlas_shrugged	atlas_shrugged
the_fifth_woman	the_fifth_woman
monsignor_quixote	monsignor_quixote
simple_genius	simple_genius
the_human_stain	the_human_stain
the_false_inspector_dew	the_false_inspector_dew
twilight_comes_twice	twilight_comes_twice
from_bakunin_to_lacan	from_bakunin_to_lacan
sunneva_keisarin_kaupungissa	sunneva_keisarin_kaupungissa
iisalmen_serkku_ja_muita_kertomuksia	iisalmen_serkku_ja_muita_kertomuksia
the_firework-maker's_daughter	the_firework-maker's_daughter
irish_stew!	irish_stew!
was_(novel)	was_(novel)
final_exit	final_exit
marabou_stork_nightmares	marabou_stork_nightmares
the_tin_princess	the_tin_princess
late_nights_on_air	late_nights_on_air
the_aquitaine_progression	the_aquitaine_progression
lady_oracle	lady_oracle
kafka_americana	kafka_americana
i'm_off	i'm_off
daisy-head_mayzie	daisy-head_mayzie
a_rather_english_marriage	a_rather_english_marriage
return_to_mars	return_to_mars
loser_(novel)	loser_(novel)
the_man_who_smiled	the_man_who_smiled
memoirs_of_many_in_one	memoirs_of_many_in_one
word_of_honor_(novel)	word_of_honor_(novel)
the_book_of_animal_ignorance	the_book_of_animal_ignorance
look_me_in_the_eye	look_me_in_the_eye
point_blanc	point_blanc
the_littlest_hitler	the_littlest_hitler
the_words_(book)	the_words_(book)
a_prayer_for_owen_meany	a_prayer_for_owen_meany
yvgenie	yvgenie
the_gene_wars_universe	the_gene_wars_universe
penguin_(book)	penguin_(book)
repetition_(kierkegaard)	repetition_(kierkegaard)
antic_hay	antic_hay
son_of_the_shadows	son_of_the_shadows
daughter_of_the_empire	daughter_of_the_empire
the_grass_harp	the_grass_harp
king_javan's_year	king_javan's_year
the_transparent_society	the_transparent_society
earth_(brin_novel)	earth_(brin_novel)
the_areas_of_my_expertise	the_areas_of_my_expertise
the_bastard_prince	the_bastard_prince
snakehead_(novel)	snakehead_(novel)
memories_of_ice	memories_of_ice
born_standing_up	born_standing_up
red_earth,_white_lies	red_earth,_white_lies
dekada_'70_(novel)	dekada_'70_(novel)
a_midsummer's_nightmare_(novel)	a_midsummer's_nightmare_(novel)
the_witches_of_eastwick	the_witches_of_eastwick
acceptable_risk	acceptable_risk
the_beatrice_letters	the_beatrice_letters
being_a_green_mother	vale_of_the_vole
being_a_green_mother	being_a_green_mother
the_king's_buccaneer	the_king's_buccaneer
wonderful_life_(book)	wonderful_life_(book)
nightrise	nightrise
swindle_(novel)	swindle_(novel)
the_kestrel	the_kestrel
the_bad_beginning	the_bad_beginning
the_philosopher's_pupil	the_philosopher's_pupil
the_penultimate_peril	the_penultimate_peril
the_million_pound_bank_note	the_million_pound_bank_note
glue_(novel)	glue_(novel)
the_secret_order_of_the_gumm_street_girls	the_secret_order_of_the_gumm_street_girls
the_firm_of_girdlestone	the_firm_of_girdlestone
the_disunited_states_of_america	the_disunited_states_of_america
clear_body,_clear_mind	clear_body,_clear_mind
the_troll	the_troll
six_days_of_war	six_days_of_war
wielding_a_red_sword	wielding_a_red_sword
the_gum_thief	the_gum_thief
haukka,_minun_rakkaani	haukka,_minun_rakkaani
the_peaceful_pill_handbook	the_peaceful_pill_handbook
snakes_in_suits	snakes_in_suits
in_my_father's_den	in_my_father's_den
jesus_of_nazareth_(book)	jesus_of_nazareth_(book)
the_wide_window	the_wide_window
the_afghan	the_afghan
ug_(book)	ug_(book)
the_counterlife	the_counterlife
crashing_the_gate	crashing_the_gate
correction_(novel)	correction_(novel)
a_tramp_abroad	a_tramp_abroad
dread_brass_shadows	dread_brass_shadows
the_slippery_slope	the_slippery_slope
click,_clack,_quackity-quack	click,_clack,_quackity-quack
the_first_stone	the_first_stone
wayside_school_is_falling_down	wayside_school_is_falling_down
dave_barry_in_cyberspace	dave_barry_in_cyberspace
practice_in_christianity	practice_in_christianity
appaloosa_(novel)	appaloosa_(novel)
leonardo's_swans	leonardo's_swans
when_she_was_good	when_she_was_good
spider_boy_(novel)	spider_boy_(novel)
captain's_fury	captain's_fury
pawana	pawana
the_edge_(novel)	the_edge_(novel)
bitter_gold_hearts	bitter_gold_hearts
science-fantasy_quintette	science-fantasy_quintette
the_reptile_room	the_reptile_room
the_book_of_general_ignorance	the_book_of_general_ignorance
wings_of_wrath	wings_of_wrath
austenland	austenland
bush_at_war	bush_at_war
tales_from_jabba's_palace	tales_from_jabba's_palace
evil_star_(novel)	evil_star_(novel)
the_kings_of_clonmel	the_kings_of_clonmel
the_muses_are_heard	the_muses_are_heard
memories_of_the_ford_administration	memories_of_the_ford_administration
bleak_seasons	bleak_seasons
woodcutters_(novel)	woodcutters_(novel)
the_grim_grotto	the_grim_grotto
the_truth_about_muhammad	the_truth_about_muhammad
consider_the_lobster	consider_the_lobster
flash_boys	flash_boys
the_princess_bride	the_princess_bride
the_sharper_your_knife,_the_less_you_cry	the_sharper_your_knife,_the_less_you_cry
the_flamingo's_smile	the_flamingo's_smile
prefaces	prefaces
brazil_(novel)	brazil_(novel)
the_selfish_gene	the_selfish_gene
speaking_of_jane_roberts	speaking_of_jane_roberts
the_pill_versus_the_springhill_mine_disaster	the_pill_versus_the_springhill_mine_disaster
letters_from_the_earth	letters_from_the_earth
the_color_of_light	the_color_of_light
the_feather_men	ripley_under_water
the_accidental_tourist	the_accidental_tourist
the_guns_of_normandy	the_guns_of_normandy
cowl_(novel)	cowl_(novel)
camber_of_culdi_(novel)	camber_of_culdi_(novel)
the_white_lioness	the_white_lioness
the_one_o'clock_chop	the_one_o'clock_chop
black_sun_rising	black_sun_rising
devil_to_the_belt	devil_to_the_belt
the_showgirl_princess	the_showgirl_princess
the_ghost_map	the_ghost_map
the_siege_of_macindaw	the_siege_of_macindaw
white_gold_wielder	white_gold_wielder
the_final_key	the_final_key
