elgin_community_college	elgin_community_college
moscow_aviation_institute	moscow_aviation_institute
international_slav_institute	international_slav_institute
the_catholic_university_of_america	the_catholic_university_of_america
universidad_nueva_esparta	universidad_nueva_esparta
federal_university_of_alagoas	federal_university_of_alagoas
trinity_college,_toronto	trinity_college,_toronto
cosumnes_river_college	cosumnes_river_college
ural_state_university	ural_state_university
university_of_pittsburgh	university_of_pittsburgh
sanata_dharma_university	sanata_dharma_university
university_of_texas_at_austin	university_of_texas_at_austin
ateneo_de_davao_university	ateneo_de_davao_university
langara_college	langara_college
bocconi_university	bocconi_university
seward_county_community_college	seward_county_community_college
eindhoven_university_of_technology	eindhoven_university_of_technology
south_ural_state_university	south_ural_state_university
foothill_college	foothill_college
mindanao_state_university	mindanao_state_university
university_of_seychelles	university_of_seychelles
birla_high_school	birla_high_school
washington_university_in_st._louis	washington_university_in_st._louis
university_college_dublin	holy_cross_college_(dublin)
georgia_institute_of_technology	georgia_institute_of_technology
purdue_university	purdue_university
bursa_technical_university	bursa_technical_university
rhodes_university	rhodes_university
kansas_wesleyan_university	kansas_wesleyan_university
university_of_memphis	university_of_memphis
polytechnic_university_of_the_philippines	polytechnic_university_of_the_philippines
francisco_de_paula_santander_university	francisco_de_paula_santander_university
universitas_kristen_indonesia	universitas_kristen_indonesia
national_university_of_san_marcos	national_university_of_san_marcos
ferris_state_university	ferris_state_university
han_chiang_high_school	han_chiang_high_school
queen's_university	queen's_university
visvesvaraya_technological_university	visvesvaraya_technological_university
middle_tennessee_state_university	middle_tennessee_state_university
san_carlos_seminary	san_carlos_seminary
universidad_externado_de_colombia	universidad_externado_de_colombia
university_of_tirana	university_of_tirana
university_of_puerto_rico_at_ponce	university_of_puerto_rico_at_ponce
university_of_the_azores	university_of_the_azores
university_of_the_republic_(uruguay)	university_of_the_republic_(uruguay)
franciscan_college_of_the_immaculate_conception	franciscan_college_of_the_immaculate_conception
central_colleges_of_the_philippines	central_colleges_of_the_philippines
hampton_university	hampton_university
rizal_technological_university	rizal_technological_university
karadeniz_technical_university	karadeniz_technical_university
whitman_college	whitman_college
virginia_military_institute	virginia_military_institute
tanzania_military_academy	tanzania_military_academy
universiti_malaysia_sarawak	universiti_malaysia_sarawak
sindh_muslim_law_college	sindh_muslim_law_college
don_mariano_marcos_memorial_state_university	don_mariano_marcos_memorial_state_university
drexel_university_sacramento	drexel_university_sacramento
american_international_college	american_international_college
university_of_santo_tomas	university_of_santo_tomas
wuhan_institute_of_technology	wuhan_institute_of_technology
london_metropolitan_university	london_metropolitan_university
imperial_college_london	imperial_college_london
silpakorn_university	silpakorn_university
islamic_university_of_technology	islamic_university_of_technology
university_of_caldas	university_of_caldas
taibah_university	taibah_university
astrakhan_state_technical_university	astrakhan_state_technical_university
savannah_state_university	savannah_state_university
university_of_kent	university_of_kent
oberlin_college	oberlin_college
national_university_of_trujillo	national_university_of_trujillo
university_of_pamplona	university_of_pamplona
hanyang_women's_university	hanyang_women's_university
canossa_school_of_santa_rosa,_laguna	canossa_school_of_santa_rosa,_laguna
al_akhawayn_university	al_akhawayn_university
odessa_college	odessa_college
national_institute_of_arts,_kinshasa	national_institute_of_arts,_kinshasa
technical_university_of_dortmund	technical_university_of_dortmund
international_christian_university	international_christian_university
national_institute_of_development_administration	national_institute_of_development_administration
indian_institute_of_management_calcutta	indian_institute_of_management_calcutta
tianjin_university	tianjin_university
national_defence_university,_pakistan	national_defence_university,_pakistan
shaheed_mohtarma_benazir_bhutto_medical_university	shaheed_mohtarma_benazir_bhutto_medical_university
pabna_cadet_college	pabna_cadet_college
brandeis_university	brandeis_university
radboud_university_nijmegen	radboud_university_nijmegen
chuvash_state_university	chuvash_state_university
california_state_university,_sacramento	california_state_university,_sacramento
adelphi_university	adelphi_university
university_of_massachusetts_amherst	university_of_massachusetts_amherst
national_institute_of_ayurveda	national_institute_of_ayurveda
thammasat_university	thammasat_university
central_south_university	central_south_university
jambi_university	jambi_university
ucl_school_of_pharmacy	ucl_school_of_pharmacy
rutgers_university	rutgers_university
lebanon_valley_college	lebanon_valley_college
ramakrishna_mission_vivekananda_college	ramakrishna_mission_vivekananda_college
godfrey_okoye_university	godfrey_okoye_university
rajah_serfoji_government_arts_college	rajah_serfoji_government_arts_college
georgia_southern_university	georgia_southern_university
dongguk_university	dongguk_university
washington_state_university	washington_state_university
k._k._das_college	k._k._das_college
university_of_california,_san_diego	university_of_california,_san_diego
university_of_montevallo	university_of_montevallo
north_idaho_college	north_idaho_college
occidental_college	occidental_college
aquinas_university	aquinas_university
polytechnic_university_of_milan	polytechnic_university_of_milan
ceylon_university_college	ceylon_university_college
uitm_perlis	uitm_perlis
augusta_state_university	augusta_state_university
chaudhary_charan_singh_haryana_agricultural_university	chaudhary_charan_singh_haryana_agricultural_university
austral_university_of_chile	austral_university_of_chile
pan-european_university	pan-european_university
texas_tech_university	texas_tech_university
pontifical_athenaeum_regina_apostolorum	pontifical_athenaeum_regina_apostolorum
beijing_university_of_technology	beijing_university_of_technology
hasanuddin_university	hasanuddin_university
beihang_university	beihang_university
amguri_college	amguri_college
charleston_school_of_law	charleston_school_of_law
university_of_calgary	university_of_calgary
eastern_university,_sri_lanka	eastern_university,_sri_lanka
bongaigaon_college	bongaigaon_college
centro_universitario_anglo_mexicano	centro_universitario_anglo_mexicano
university_of_tolima	university_of_tolima
university_of_new_mexico	university_of_new_mexico
pomona_college	pomona_college
paco_catholic_school	paco_catholic_school
universidad_popular_de_la_chontalpa	universidad_popular_de_la_chontalpa
university_of_macau	university_of_macau
lane_community_college	lane_community_college
university_of_waterloo	university_of_waterloo
singapore_institute_of_technology	singapore_institute_of_technology
vietnam_aviation_academy	vietnam_aviation_academy
san_beda_college	san_beda_college
manila_central_university	manila_central_university
georgian_technical_university	georgian_technical_university
university_of_central_punjab	university_of_central_punjab
national_research_university_of_electronic_technology	national_research_university_of_electronic_technology
chernivtsi_university	chernivtsi_university
university_of_navarra	university_of_navarra
cleveland_community_college	cleveland_community_college
university_of_sri_lanka	university_of_sri_lanka
philippine_college_of_health_sciences,_inc.	philippine_college_of_health_sciences,_inc.
tuskegee_university	tuskegee_university
gonzaga_university	gonzaga_university
university_of_the_ryukyus	university_of_the_ryukyus
austin_community_college_district	austin_community_college_district
universidad_del_noreste	universidad_del_noreste
university_of_the_llanos	university_of_the_llanos
pakistan_air_force_academy	pakistan_military_academy
tati_university_college	tati_university_college
university_of_warsaw	university_of_warsaw
sambalpur_university	sambalpur_university
autonomous_university_of_carmen	autonomous_university_of_carmen
liverpool_school_of_tropical_medicine	liverpool_school_of_tropical_medicine
university_of_texas_at_san_antonio	university_of_texas_at_san_antonio
tennessee_state_university	tennessee_state_university
san_diego_state_university	san_diego_state_university
university_of_guelph	university_of_guelph
de_la_salle_university	de_la_salle_university
university_of_johannesburg	university_of_johannesburg
syracuse_university	syracuse_university
madras_medical_college	madras_medical_college
university_of_san_francisco	university_of_san_francisco
complutense_university_of_madrid	complutense_university_of_madrid
pontifical_catholic_university_of_chile	pontifical_catholic_university_of_chile
heilbronn_university	heilbronn_university
bogor_agricultural_university	bogor_agricultural_university
university_of_st._gallen	university_of_st._gallen
lamar_university	lamar_university
florida_a&m_university	florida_a&m_university
university_college_of_the_north	university_college_of_the_north
fluminense_federal_university	fluminense_federal_university
silliman_university	silliman_university
wabash_college	wabash_college
city_of_glasgow_college	city_of_glasgow_college
university_of_georgia	university_of_georgia
spelman_college	spelman_college
new_york_law_school	new_york_law_school
university_of_barcelona	university_of_barcelona
north-eastern_federal_university	north-eastern_federal_university
syiah_kuala_university	syiah_kuala_university
philippine_military_academy	philippine_military_academy
united_states_air_force_academy	united_states_air_force_academy
krida_wacana_christian_university	krida_wacana_christian_university
leipzig_university	leipzig_university
community_college_of_philadelphia	community_college_of_philadelphia
university_of_malaya	university_of_malaya
zhukovsky_air_force_engineering_academy	zhukovsky_air_force_engineering_academy
university_of_sucre	university_of_sucre
university_of_magdalena	university_of_magdalena
university_of_alabama_in_huntsville	university_of_alabama_in_huntsville
university_of_idaho	university_of_idaho
warsaw_school_of_economics	warsaw_school_of_economics
duta_wacana_christian_university	duta_wacana_christian_university
presentation_convent_girls_high_school	presentation_convent_girls_high_school
maranatha_christian_university	maranatha_christian_university
knox_college_(illinois)	knox_college_(illinois)
middle_east_technical_university	middle_east_technical_university
international_islamic_university_malaysia	international_islamic_university_malaysia
tadulako_university	tadulako_university
jogesh_chandra_chaudhuri_law_college	jogesh_chandra_chaudhuri_law_college
chosun_university	chosun_university
university_of_rhode_island	university_of_rhode_island
university_of_the_pacific_(united_states)	university_of_the_pacific_(united_states)
allama_iqbal_medical_college	allama_iqbal_medical_college
korea_university	korea_university
catholic_university_of_portugal	catholic_university_of_portugal
pamantasan_ng_lungsod_ng_pasig	pamantasan_ng_lungsod_ng_pasig
university_of_belize	university_of_belize
united_states_naval_academy	united_states_naval_academy
northwest_a&f_university	northwest_a&f_university
bangabandhu_sheikh_mujibur_rahman_agricultural_university	bangabandhu_sheikh_mujibur_rahman_agricultural_university
western_michigan_university	western_michigan_university
acharya_n._g._ranga_agricultural_university	acharya_n._g._ranga_agricultural_university
university_of_mumbai	university_of_mumbai
university_of_pittsburgh_school_of_pharmacy	university_of_pittsburgh_school_of_pharmacy
arizona_state_university	arizona_state_university
italian_naval_academy	italian_naval_academy
ahmadu_bello_university	ahmadu_bello_university
lingaya's_university	drexel_university_sacramento
xi'an_jiaotong-liverpool_university	xi'an_jiaotong-liverpool_university
pontifical_gregorian_university	pontifical_gregorian_university
pakistan_military_academy	pakistan_military_academy
sree_kerala_varma_college	sree_kerala_varma_college
gujarat_university	gujarat_university
centre_college	centre_college
university_of_szczecin	university_of_szczecin
government_arts_college,_kumbakonam	government_arts_college,_kumbakonam
florida_institute_of_technology	florida_institute_of_technology
university_of_jaffna	university_of_jaffna
des_moines_area_community_college	des_moines_area_community_college
southwest_tennessee_community_college	southwest_tennessee_community_college
central_university_of_himachal_pradesh	central_university_of_himachal_pradesh
university_of_central_florida	university_of_central_florida
brigham_young_university	brigham_young_university
ateneo_de_manila_university	ateneo_de_manila_university
national_judicial_academy_(india)	national_judicial_academy_(india)
seoul_national_university_of_education	seoul_national_university_of_education
national_university_of_colombia	national_university_of_colombia
hrodna_state_university	hrodna_state_university
presidency_university,_kolkata	presidency_university,_kolkata
biju_patnaik_university_of_technology	biju_patnaik_university_of_technology
college_of_engineering,_trivandrum	college_of_engineering,_trivandrum
central_agricultural_university	central_agricultural_university
nirmala_college_for_women	university_law_college,_bangalore
chulachomklao_royal_military_academy	chulachomklao_royal_military_academy
meghnad_saha_institute_of_technology	meghnad_saha_institute_of_technology
michigan_state_university	michigan_state_university
mcmaster_university	mcmaster_university
ramon_magsaysay_technological_university	ramon_magsaysay_technological_university
hansung_university	hansung_university
chicago_state_university	chicago_state_university
san_juan_de_dios_educational_foundation	san_juan_de_dios_educational_foundation
university_of_valle	university_of_valle
lehigh_carbon_community_college	lehigh_carbon_community_college
union_college	union_college
hillsdale_college	hillsdale_college
burapha_university	burapha_university
biola_university	biola_university
university_of_california,_berkeley	university_of_california,_berkeley
kaist	kaist
university_of_libya	university_of_libya
howard_university	howard_university
indian_military_academy	indian_military_academy
lyceum_of_the_philippines_university	lyceum_of_the_philippines_university
muhammadiyah_university_of_yogyakarta	muhammadiyah_university_of_yogyakarta
metropolitan_university,_sylhet	metropolitan_university,_sylhet
muhammadiyah_university_of_magelang	muhammadiyah_university_of_magelang
multimedia_nusantara_university	multimedia_nusantara_university
agricultural_university_of_tirana	agricultural_university_of_tirana
agricultural_university_of_tirana	polytechnic_university_of_tirana
university_of_texas_at_dallas	university_of_texas_at_dallas
electronic_engineering_polytechnic_institute_of_surabaya	electronic_engineering_polytechnic_institute_of_surabaya
university_of_western_ontario	university_of_western_ontario
st._michael's_college,_toronto	st._michael's_college,_toronto
computer_laboratory,_university_of_cambridge	computer_laboratory,_university_of_cambridge
blackstone_college_for_girls	blackstone_college_for_girls
belmont_abbey_college	belmont_abbey_college
university_of_southern_california	university_of_southern_california
illinois_state_university	illinois_state_university
kent_state_university	kent_state_university
university_of_macau	university_of_macau
athens_state_university	athens_state_university
milligan_college	milligan_college
rajah_serfoji_government_arts_college	rajah_serfoji_government_arts_college
state_university_of_new_york	state_university_of_new_york
central_south_university	central_south_university
leiden_university	leiden_university
university_of_texas_at_brownsville	university_of_texas_at_brownsville
national_teachers_college	national_teachers_college
gallaudet_university	gallaudet_university
dakota_wesleyan_university	dakota_wesleyan_university
pasadena_city_college	pasadena_city_college
university_of_the_azores	university_of_the_azores
university_of_central_missouri	university_of_central_missouri
harvard_medical_school	harvard_medical_school
cabalum_western_college	cabalum_western_college
illinois_wesleyan_university	illinois_wesleyan_university
kwangwoon_university	kwangwoon_university
burapha_university	burapha_university
university_of_arkansas	university_of_arkansas
pamir_university	pamir_university
southern_methodist_university	southern_methodist_university
santa_rosa_junior_college	santa_rosa_junior_college
ceylon_medical_college	ceylon_medical_college
university_of_the_republic_(uruguay)	university_of_the_republic_(uruguay)
university_of_reading	university_of_reading
middlebury_college	middlebury_college
wingate_university	wingate_university
carleton_university	carleton_university
shepherd_university	shepherd_university
brooklyn_college	brooklyn_college
taibah_university	taibah_university
northwest_missouri_state_university	northwest_missouri_state_university
annamalai_university	annamalai_university
universidad_externado_de_colombia	universidad_externado_de_colombia
western_carolina_university	western_carolina_university
university_of_massachusetts_amherst	university_of_massachusetts_amherst
sri_jayachamarajendra_college_of_engineering	sri_jayachamarajendra_college_of_engineering
university_of_bridgeport	university_of_bridgeport
ca'_foscari_university_of_venice	ca'_foscari_university_of_venice
university_of_hertfordshire	university_of_hertfordshire
clayton_state_university	clayton_state_university
union_college	union_college
florida_institute_of_technology	florida_institute_of_technology
rmit_university	rmit_university
wilberforce_university	wilberforce_university
university_of_arizona	university_of_arizona
de_la_salle_university	de_la_salle_university
concordia_university	concordia_university
university_of_freiburg	university_of_freiburg
banff_centre	banff_centre
hillsdale_college	hillsdale_college
bangkok_university	bangkok_university
fu_jen_catholic_university	fu_jen_catholic_university
boston_state_college	boston_state_college
university_of_seychelles	university_of_seychelles
pacific_lutheran_university	pacific_lutheran_university
tufts_university	tufts_university
mercer_university	mercer_university
manhattan_college	manhattan_college
university_of_connecticut	university_of_connecticut
winthrop_university	winthrop_university
cumberland_university	cumberland_university
lahore_university_of_management_sciences	lahore_university_of_management_sciences
herkimer_county_community_college	herkimer_county_community_college
missouri_valley_college	missouri_valley_college
montclair_state_university	montclair_state_university
university_of_groningen	university_of_groningen
fluminense_federal_university	fluminense_federal_university
george_mason_university_school_of_law	george_mason_university_school_of_law
university_of_florida	university_of_florida
pamantasan_ng_lungsod_ng_pasig	pamantasan_ng_lungsod_ng_pasig
aalborg_university	aalborg_university
azusa_pacific_university	azusa_pacific_university
state_university_of_new_york_at_purchase	state_university_of_new_york_at_purchase
national_university_of_san_marcos	national_university_of_san_marcos
andrews_university	andrews_university
amguri_college	amguri_college
alderson_broaddus_university	alderson_broaddus_university
bluffton_university	bluffton_university
milwaukee_school_of_engineering	milwaukee_school_of_engineering
international_university_in_geneva	international_university_in_geneva
lebanon_valley_college	lebanon_valley_college
riverland_community_college	riverland_community_college
western_michigan_university	western_michigan_university
swinburne_university_of_technology	swinburne_university_of_technology
presbyterian_college	presbyterian_college
indian_institute_of_management_calcutta	indian_institute_of_management_calcutta
university_of_alabama_in_huntsville	university_of_alabama_in_huntsville
ohio_state_university	ohio_state_university
mercer_county_community_college	mercer_county_community_college
assumption_college_sriracha	assumption_college_sriracha
bellevue_college	bellevue_college
lawrence_university	lawrence_university
computer_university,_loikaw	computer_university,_loikaw
university_of_strathclyde	university_of_strathclyde
acadia_university	acadia_university
school_of_industrial_engineering_of_the_university_of_vigo	school_of_industrial_engineering_of_the_university_of_vigo
college_of_dupage	college_of_dupage
universidad_del_noreste	universidad_del_noreste
virginia_commonwealth_university	virginia_commonwealth_university
cape_fear_community_college	cape_fear_community_college
ithaca_college	ithaca_college
macalester_college	macalester_college
university_of_warsaw	university_of_warsaw
university_of_natal	university_of_natal
university_of_evansville	university_of_evansville
princeton_university	princeton_university
austral_university_of_chile	austral_university_of_chile
idaho_state_university	idaho_state_university
university_of_san_carlos	university_of_san_carlos
park_university	park_university
lyceum_of_the_philippines_university-laguna	lyceum_of_the_philippines_university-laguna
hampton_university	hampton_university
north_idaho_college	north_idaho_college
kyonggi_university	kyonggi_university
ganesh_shankar_vidyarthi_memorial_medical_college	ganesh_shankar_vidyarthi_memorial_medical_college
momoyama_gakuin_university	momoyama_gakuin_university
california_state_university,_dominguez_hills	california_state_university,_dominguez_hills
royal_holloway,_university_of_london	royal_holloway,_university_of_london
illinois_institute_of_technology	illinois_institute_of_technology
university_of_baltimore	university_of_baltimore
minnesota_state_university,_mankato	minnesota_state_university,_mankato
angelo_state_university	angelo_state_university
the_catholic_university_of_america	the_catholic_university_of_america
university_of_melbourne	university_of_melbourne
pontifical_athenaeum_regina_apostolorum	pontifical_athenaeum_regina_apostolorum
grand_view_university	grand_view_university
southern_adventist_university	southern_adventist_university
national_institute_of_siddha	national_institute_of_siddha
tusculum_college	tusculum_college
university_of_malaya	university_of_malaya
ateneo_de_naga_university	ateneo_de_naga_university
touro_university_college_of_medicine	touro_university_college_of_medicine
colorado_college	colorado_college
saint_michael's_college	saint_michael's_college
university_of_southeastern_philippines	university_of_southeastern_philippines
indian_military_academy	indian_military_academy
norwegian_defence_research_establishment	norwegian_defence_research_establishment
adarsh_polytechnic	adarsh_polytechnic
university_of_new_mexico	university_of_new_mexico
visva-bharati_university	visva-bharati_university
vasil_levski_national_military_university	vasil_levski_national_military_university
santa_monica_college	santa_monica_college
michigan_state_university	michigan_state_university
clark_university	clark_university
athabasca_university	athabasca_university
national_institute_of_arts,_kinshasa	national_institute_of_arts,_kinshasa
amherst_college	amherst_college
southern_new_hampshire_university	southern_new_hampshire_university
nelson_mandela_metropolitan_university	nelson_mandela_metropolitan_university
lund_university	lund_university
barton_college	barton_college
charleston_school_of_law	charleston_school_of_law
thamar_university	thamar_university
university_of_lucknow	university_of_lucknow
louisiana_tech_university	louisiana_tech_university
glendon_college	glendon_college
st._bonaventure_university	st._bonaventure_university
asbury_university	asbury_university
london_metropolitan_university	london_metropolitan_university
northwest_a&f_university	northwest_a&f_university
university_of_sri_jayewardenepura	university_of_sri_jayewardenepura
noakhali_government_college	noakhali_government_college
centro_de_estudios_superiores_royal	centro_de_estudios_superiores_royal
university_of_santo_tomas	university_of_santo_tomas
university_of_puerto_rico_at_ponce	university_of_puerto_rico_at_ponce
university_of_st_andrews	university_of_st_andrews
sambalpur_university	sambalpur_university
oberlin_college	oberlin_college
central_baptist_theological_seminary_of_minneapolis	central_baptist_theological_seminary_of_minneapolis
indiana_state_university	indiana_state_university
royal_institute_of_technology	royal_institute_of_technology
central_university_of_valle_del_cauca	central_university_of_valle_del_cauca
colorado_state_university	colorado_state_university
bicol_university	bicol_university
pabna_cadet_college	pabna_cadet_college
curry_college	curry_college
university_of_derby	university_of_derby
notre_dame_college	notre_dame_college
university_of_zululand	university_of_zululand
indiana_university_bloomington	indiana_university_bloomington
university_of_texas_at_austin	university_of_texas_at_austin
whitworth_university	whitworth_university
american_international_college	american_international_college
university_of_south_carolina_aiken	university_of_south_carolina_aiken
catholic_university_of_portugal	catholic_university_of_portugal
state_university_of_new_york_at_cobleskill	state_university_of_new_york_at_cobleskill
joseph_fourier_university	joseph_fourier_university
grand_valley_state_university	grand_valley_state_university
university_of_waterloo	university_of_waterloo
austin_peay_state_university	austin_peay_state_university
elizabethtown_college	elizabethtown_college
sheffield_hallam_university	sheffield_hallam_university
eastern_university,_sri_lanka	eastern_university,_sri_lanka
yale_university	yale_university
tanzania_military_academy	tanzania_military_academy
hunter_college	hunter_college
seri_mulia_sarjana_school	seri_mulia_sarjana_school
seoul_national_university_of_education	seoul_national_university_of_education
dowling_college	dowling_college
college_of_engineering,_trivandrum	college_of_engineering,_trivandrum
york_university	york_university
foundation_university	foundation_university
ural_state_university	ural_state_university
seton_hall_university	seton_hall_university
university_of_louisiana_at_lafayette	university_of_louisiana_at_lafayette
franciscan_university_of_steubenville	franciscan_university_of_steubenville
stellenbosch_university	stellenbosch_university
university_of_stuttgart	university_of_stuttgart
johnson_county_community_college	johnson_county_community_college
oxford_brookes_university	oxford_brookes_university
philippine_military_academy	philippine_military_academy
coastal_carolina_university	coastal_carolina_university
franciscan_college_of_the_immaculate_conception	franciscan_college_of_the_immaculate_conception
indiana_university_of_pennsylvania	indiana_university_of_pennsylvania
lane_community_college	lane_community_college
san_diego_mesa_college	san_diego_mesa_college
hudson_valley_community_college	hudson_valley_community_college
lille_catholic_university	lille_catholic_university
winston-salem_state_university	winston-salem_state_university
belmont_abbey_college	belmont_abbey_college
university_of_granada	university_of_granada
university_of_georgia	university_of_georgia
tennessee_college_of_applied_technology_-_pulaski	tennessee_college_of_applied_technology_-_pulaski
colgate_university	colgate_university
psg_college_of_technology	psg_college_of_technology
macmurray_college	macmurray_college
national_institute_of_ayurveda	national_institute_of_ayurveda
university_of_nigeria,_nsukka	university_of_nigeria,_nsukka
university_of_south_carolina_upstate	university_of_south_carolina_upstate
syiah_kuala_university	syiah_kuala_university
academic_lyceum_under_westminster_international_university_in_tashkent	academic_lyceum_under_westminster_international_university_in_tashkent
butler_university	butler_university
guilford_college	guilford_college
el_camino_college	el_camino_college
francisco_de_paula_santander_university	francisco_de_paula_santander_university
city_of_glasgow_college	city_of_glasgow_college
state_university_of_papua	state_university_of_papua
st._petersburg_college	st._petersburg_college
autonomous_university_of_baja_california,_campus_mexicali	autonomous_university_of_baja_california,_campus_mexicali
chapman_university	chapman_university
aoyama_gakuin_university	aoyama_gakuin_university
university_of_redlands	university_of_redlands
sun_moon_university	sun_moon_university
east_carolina_university	east_carolina_university
babson_college	babson_college
pontifical_catholic_university_of_chile	pontifical_catholic_university_of_chile
cornell_college	cornell_college
university_of_belize	university_of_belize
university_of_pretoria	university_of_pretoria
massachusetts_institute_of_technology	massachusetts_institute_of_technology
cheikh_anta_diop_university	cheikh_anta_diop_university
university_of_sindh	university_of_sindh
southampton_solent_university	southampton_solent_university
elon_university	elon_university
palm_beach_atlantic_university	palm_beach_atlantic_university
lindsey_wilson_college	lindsey_wilson_college
chinese_university_of_hong_kong	chinese_university_of_hong_kong
prince_mohammad_university	prince_mohammad_bin_fahd_university
baltimore_city_community_college	baltimore_city_community_college
ball_state_university	ball_state_university
aichi_gakuin_university	aichi_gakuin_university
nirmala_college_for_women	nirmala_college_for_women
state_university_of_new_york_at_fredonia	state_university_of_new_york_at_fredonia
university_of_nevada,_las_vegas	university_of_nevada,_las_vegas
fairfield_university	fairfield_university
pomona_college	pomona_college
manhattanville_college	manhattanville_college
tulane_university	tulane_university
alliant_international_university	alliant_international_university
bryant_&_stratton_college	bryant_&_stratton_college
franklin_pierce_university	franklin_pierce_university
arizona_state_university	arizona_state_university
mcgill_university	mcgill_university
international_christian_university	international_christian_university
university_of_the_llanos	university_of_the_llanos
university_of_magdalena	university_of_magdalena
new_mexico_state_university	new_mexico_state_university
georgian_technical_university	georgian_technical_university
florida_international_university	florida_international_university
dana_college	dana_college
antioch_college	antioch_college
muhammadiyah_university_of_magelang	muhammadiyah_university_of_magelang
trinity_university_(texas)	trinity_university_(texas)
monroe_college	monroe_college
university_of_makeni	university_of_makeni
northern_illinois_university	northern_illinois_university
hope_college	hope_college
silpakorn_university	silpakorn_university
university_of_washington	university_of_washington
university_campus_suffolk	university_campus_suffolk
aston_university	aston_university
university_of_cundinamarca	university_of_cundinamarca
vanderbilt_university	vanderbilt_university
nova_southeastern_university	nova_southeastern_university
mount_royal_university	mount_royal_university
university_of_vermont	university_of_vermont
ferris_state_university	ferris_state_university
center_for_excellence_in_basic_sciences,_mumbai	center_for_excellence_in_basic_sciences,_mumbai
north_carolina_central_university	north_carolina_central_university
florida_southern_college	florida_southern_college
ateneo_de_manila_university	ateneo_de_manila_university
creighton_university	creighton_university
hongik_university	hongik_university
presidency_university,_kolkata	presidency_university,_kolkata
rwth_aachen_university	rwth_aachen_university
morgan_state_university	morgan_state_university
new_york_university	new_york_university
berry_college	berry_college
mcmaster_university	mcmaster_university
don_mariano_marcos_memorial_state_university	don_mariano_marcos_memorial_state_university
virginia_wesleyan_college	virginia_wesleyan_college
liverpool_school_of_tropical_medicine	liverpool_school_of_tropical_medicine
university_of_pennsylvania	university_of_pennsylvania
mcneese_state_university	mcneese_state_university
bankura_sammilani_college	bankura_sammilani_college
han_chiang_high_school	han_chiang_high_school
university_of_saskatchewan	university_of_saskatchewan
vilnius_university	vilnius_university
law_school_of_fluminense_federal_university	law_school_of_fluminense_federal_university
long_beach_city_college	long_beach_city_college
soas,_university_of_london	soas,_university_of_london
university_of_chicago	university_of_chicago
central_state_university	central_state_university
university_of_guelph	university_of_guelph
weber_state_university	weber_state_university
boris_shchukin_theatre_institute	boris_shchukin_theatre_institute
imperial_college_london	imperial_college_london
korea_university	korea_university
cedarville_university	cedarville_university
central_university_of_venezuela	central_university_of_venezuela
saint_anselm_college	saint_anselm_college
north_central_college	north_central_college
fresno_pacific_university	fresno_pacific_university
nagoya_university_of_foreign_studies	nagoya_university_of_foreign_studies
skyline_college	skyline_college
united_states_naval_academy	united_states_naval_academy
oral_roberts_university	oral_roberts_university
stetson_university	stetson_university
gauhati_university	gauhati_university
washington_university_in_st._louis	washington_university_in_st._louis
university_of_wyoming	university_of_wyoming
north_carolina_state_university	north_carolina_state_university
texas_a&m_international_university	texas_a&m_international_university
lindenwood_university	lindenwood_university
tashkent_architectural_building_institute	tashkent_architectural_building_institute
pennsylvania_state_university	pennsylvania_state_university
university_of_szeged	university_of_szeged
wharton_school_of_the_university_of_pennsylvania	wharton_school_of_the_university_of_pennsylvania
islamic_azad_university	islamic_azad_university
ashland_university	ashland_university
barry_university	barry_university
university_of_the_pacific_(united_states)	university_of_the_pacific_(united_states)
ceylon_university_college	ceylon_university_college
agricultural_university_of_tirana	agricultural_university_of_tirana
xavier_university	xavier_university
rio_hondo_college	rio_hondo_college
university_of_bradford	university_of_bradford
charles_darwin_university	charles_darwin_university
jagannath_barooah_college	jagannath_barooah_college
baruch_college	baruch_college
university_of_central_oklahoma	university_of_central_oklahoma
princess_of_naradhiwas_university	princess_of_naradhiwas_university
hood_college	hood_college
quinnipiac_university	quinnipiac_university
tadulako_university	tadulako_university
university_of_mobile	university_of_mobile
university_of_montana	university_of_montana
macquarie_university	macquarie_university
covenant_theological_seminary	covenant_theological_seminary
st._dominic_college_of_asia	st._dominic_college_of_asia
universitas_kristen_indonesia	universitas_kristen_indonesia
newcastle_university	newcastle_university
madras_medical_college	madras_medical_college
university_of_san_agustin	university_of_san_agustin
bond_university	bond_university
avans_university_of_applied_sciences	avans_university_of_applied_sciences
tuskegee_university	tuskegee_university
boise_state_university	boise_state_university
university_of_barcelona	university_of_barcelona
universiti_teknologi_malaysia	universiti_teknologi_malaysia
xi'an_jiaotong-liverpool_university	xi'an_jiaotong-liverpool_university
university_of_california,_san_diego	university_of_california,_san_diego
the_citadel,_the_military_college_of_south_carolina	the_citadel,_the_military_college_of_south_carolina
glasgow_caledonian_university	glasgow_caledonian_university
medaille_college	medaille_college
smk_batu_maung	smk_batu_maung
montana_state_university_billings	montana_state_university_billings
central_washington_university	central_washington_university
skidmore_college	skidmore_college
salt_lake_community_college	salt_lake_community_college
midwestern_state_university	midwestern_state_university
depaul_university	depaul_university
wabash_college	wabash_college
sungkyunkwan_university	sungkyunkwan_university
pope_john_paul_ii_college_of_education	pope_john_paul_ii_college_of_education
hastings_college	hastings_college
temple_university	temple_university
lamar_university	lamar_university
ness_wadia_college_of_commerce	ness_wadia_college_of_commerce
portland_state_university	portland_state_university
chaudhary_charan_singh_haryana_agricultural_university	chaudhary_charan_singh_haryana_agricultural_university
ramon_magsaysay_technological_university	ramon_magsaysay_technological_university
john_wesley_college	john_wesley_college
iowa_central_community_college	iowa_central_community_college
al_akhawayn_university	al_akhawayn_university
saint_joseph's_university	saint_joseph's_university
kyoto_university	kyoto_university
harvard_business_school	harvard_business_school
university_of_cumbria	university_of_cumbria
algonquin_college	algonquin_college
boston_university	boston_university
university_of_madras	university_of_madras
cagayan_state_university	cagayan_state_university
lincoln_memorial_university	lincoln_memorial_university
rochester_institute_of_technology	rochester_institute_of_technology
texas_a&m_university	texas_a&m_university
savannah_state_university	savannah_state_university
plekhanov_russian_university_of_economics	plekhanov_russian_university_of_economics
nistarini_women's_college	nistarini_women's_college
rider_university	rider_university
russian_academy_of_theatre_arts	russian_academy_of_theatre_arts
university_of_gothenburg	university_of_gothenburg
northern_kentucky_university	northern_kentucky_university
university_of_dayton	university_of_dayton
saint_francis_university	saint_francis_university
ryerson_university	ryerson_university
transylvania_university	transylvania_university
silliman_university	silliman_university
polytechnic_university_of_milan	polytechnic_university_of_milan
university_of_tennessee_at_chattanooga	university_of_tennessee_at_chattanooga
leipzig_university	leipzig_university
university_of_exeter	university_of_exeter
mariano_marcos_state_university	mariano_marcos_state_university
university_of_california,_berkeley	university_of_california,_berkeley
syracuse_university	syracuse_university
arcadia_university	arcadia_university
georgia_state_university	georgia_state_university
nihon_university	nihon_university
monash_university	monash_university
uppsala_university	uppsala_university
st._clair_county_community_college	st._clair_county_community_college
durham_university	durham_university
university_of_st._gallen	university_of_st._gallen
university_of_otago	university_of_otago
university_of_delaware	university_of_delaware
bloomsburg_university_of_pennsylvania	bloomsburg_university_of_pennsylvania
gujarat_university	gujarat_university
university_of_miami	university_of_miami
trent_university	trent_university
university_of_jaffna	university_of_jaffna
southeast_missouri_state_university	southeast_missouri_state_university
pamantasan_ng_lungsod_ng_muntinlupa	pamantasan_ng_lungsod_ng_muntinlupa
university_of_maryland,_college_park	university_of_maryland,_college_park
case_western_reserve_university	case_western_reserve_university
lynn_university	lynn_university
university_of_south_florida	university_of_south_florida
university_of_massachusetts_boston	university_of_massachusetts_boston
longwood_university	longwood_university
laksamana_college_of_business	laksamana_college_of_business
allama_iqbal_medical_college	allama_iqbal_medical_college
bard_college	bard_college
southern_wesleyan_university	southern_wesleyan_university
university_of_portland	university_of_portland
catawba_valley_community_college	catawba_valley_community_college
jadavpur_university	jadavpur_university
indian_institute_of_technology_madras	indian_institute_of_technology_madras
trinity_western_university	trinity_western_university
schoolcraft_college	schoolcraft_college
saratov_state_academy_of_law	saratov_state_academy_of_law
delft_university_of_technology	delft_university_of_technology
franklin_&_marshall_college	franklin_&_marshall_college
mercyhurst_university	mercyhurst_university
shimer_college	shimer_college
university_of_california,_santa_cruz	university_of_california,_santa_cruz
fisk_university	fisk_university
grambling_state_university	grambling_state_university
university_of_westminster	university_of_westminster
south_dakota_state_university	south_dakota_state_university
national_university_of_ireland	national_university_of_ireland
tennessee_state_university	tennessee_state_university
bowdoin_college	bowdoin_college
shaheed_mohtarma_benazir_bhutto_medical_university	shaheed_mohtarma_benazir_bhutto_medical_university
kansas_state_university	kansas_state_university
st._lawrence_university	st._lawrence_university
bowie_state_university	bowie_state_university
eindhoven_university_of_technology	eindhoven_university_of_technology
california_state_university,_fullerton	california_state_university,_fullerton
loyola_marymount_university	loyola_marymount_university
oakland_community_college	oakland_community_college
lancaster_university	lancaster_university
saratov_state_technical_university	saratov_state_technical_university
maine_maritime_academy	maine_maritime_academy
emerson_college	emerson_college
american_university	american_university
james_cook_university	james_cook_university
laval_university	laval_university
jagadguru_sri_shivarathreeswara_university	jagadguru_sri_shivarathreeswara_university
monmouth_college	monmouth_college
elgin_community_college	elgin_community_college
west_liberty_university	west_liberty_university
wuhan_institute_of_technology	wuhan_institute_of_technology
new_york_law_school	new_york_law_school
brevard_college	brevard_college
hendrix_college	hendrix_college
pakistan_military_academy	pakistan_military_academy
university_of_the_western_cape	university_of_the_western_cape
capilano_university	capilano_university
rizal_technological_university	rizal_technological_university
mahanakorn_university_of_technology	mahanakorn_university_of_technology
camosun_college	camosun_college
king_university	king_university
san_jose_state_university	san_jose_state_university
technical_university_of_dortmund	technical_university_of_dortmund
metropolitan_state_university_of_denver	metropolitan_state_university_of_denver
university_of_stirling	university_of_stirling
university_of_calcutta	university_of_calcutta
godfrey_okoye_university	godfrey_okoye_university
geneva_college	geneva_college
meiji_university	meiji_university
university_of_northampton	university_of_northampton
ahmadu_bello_university	ahmadu_bello_university
rutgers_university	rutgers_university
taylor_university	taylor_university
baylor_university	baylor_university
west_texas_a&m_university	west_texas_a&m_university
robert_morris_university	robert_morris_university
tianjin_university	tianjin_university
university_of_pamplona	university_of_pamplona
st._john's_university_(new_york_city)	st._john's_university_(new_york_city)
florida_polytechnic_university	florida_polytechnic_university
university_of_southampton	university_of_southampton
lipscomb_university	lipscomb_university
gonzaga_university	gonzaga_university
husson_university	husson_university
karadeniz_technical_university	karadeniz_technical_university
university_of_massachusetts_lowell	university_of_massachusetts_lowell
universidade_do_vale_do_rio_dos_sinos	universidade_do_vale_do_rio_dos_sinos
takushoku_university	takushoku_university
university_of_illinois_at_chicago	university_of_illinois_at_chicago
california_lutheran_university	california_lutheran_university
alcorn_state_university	alcorn_state_university
kremenchuk_flight_college_of_national_aviation_university	kremenchuk_flight_college_of_national_aviation_university
westchester_community_college	westchester_community_college
ateneo_de_davao_university	ateneo_de_davao_university
montreat_college	montreat_college
mckendree_university	mckendree_university
university_of_caldas	university_of_caldas
complutense_university_of_madrid	complutense_university_of_madrid
university_of_dhaka	university_of_dhaka
university_of_tampa	university_of_tampa
pontifical_gregorian_university	pontifical_gregorian_university
university_of_california,_santa_barbara	university_of_california,_santa_barbara
university_of_louisiana_at_monroe	university_of_louisiana_at_monroe
arellano_university	arellano_university
san_diego_miramar_college	san_diego_miramar_college
st._augustine's_university	st._augustine's_university
university_college_of_the_north	university_college_of_the_north
curtin_university	curtin_university
lithuanian_university_of_health_sciences	lithuanian_university_of_health_sciences
university_of_calgary	university_of_calgary
central_michigan_university	central_michigan_university
university_of_leicester	university_of_leicester
california_state_university,_northridge	california_state_university,_northridge
university_of_malta	university_of_malta
northeastern_university	northeastern_university
beijing_university_of_technology	beijing_university_of_technology
multnomah_university	multnomah_university
california_state_university,_bakersfield	california_state_university,_bakersfield
universiti_malaysia_sarawak	universiti_malaysia_sarawak
davis_&_elkins_college	davis_&_elkins_college
sinhgad_college_of_pharmacy	sinhgad_college_of_pharmacy
university_of_southern_mindanao	university_of_southern_mindanao
kalamazoo_college	kalamazoo_college
de_anza_college	de_anza_college
prince_mohammad_bin_fahd_university	prince_mohammad_bin_fahd_university
odessa_college	odessa_college
central_university_of_himachal_pradesh	central_university_of_himachal_pradesh
vu_university_amsterdam	vu_university_amsterdam
mount_vernon_nazarene_university	mount_vernon_nazarene_university
university_of_colorado_boulder	university_of_colorado_boulder
rice_university	rice_university
appalachian_state_university	appalachian_state_university
ohio_university	ohio_university
university_of_oregon	university_of_oregon
chalmers_university_of_technology	chalmers_university_of_technology
coker_college	coker_college
millsaps_college	millsaps_college
university_of_san_diego	university_of_san_diego
bicol_university_tabaco_campus	bicol_university_tabaco_campus
st._norbert_college	st._norbert_college
california_university_of_pennsylvania	california_university_of_pennsylvania
national_university_of_colombia	national_university_of_colombia
villanova_university	villanova_university
saint_louis_university	saint_louis_university
lincoln_university_(pennsylvania)	lincoln_university_(pennsylvania)
southeastern_louisiana_university	southeastern_louisiana_university
city_university_london	city_university_london
liberty_university	liberty_university
university_for_foreigners_perugia	university_for_foreigners_perugia
computer_laboratory,_university_of_cambridge	computer_laboratory,_university_of_cambridge
bongaigaon_college	bongaigaon_college
greensboro_college	greensboro_college
cornell_university	cornell_university
northern_arizona_university	northern_arizona_university
hogeschool_van_amsterdam	hogeschool_van_amsterdam
washburn_university	washburn_university
canisius_college	canisius_college
rhodes_university	rhodes_university
utica_college	utica_college
california_institute_of_technology	california_institute_of_technology
university_of_the_fraser_valley	university_of_the_fraser_valley
hofstra_university	hofstra_university
reed_college	reed_college
graceland_university	graceland_university
drake_university	drake_university
indiana_university	indiana_university
troy_university	troy_university
faculty_of_law,_thammasat_university	thammasat_university
university_of_johannesburg	university_of_johannesburg
college_of_the_ozarks	college_of_the_ozarks
university_of_texas_at_san_antonio	university_of_texas_at_san_antonio
naresuan_university	naresuan_university
sindh_muslim_law_college	sindh_muslim_law_college
dartmouth_college	dartmouth_college
national_central_university	national_central_university
champlain_college	champlain_college
baker_university	baker_university
university_of_manitoba	university_of_manitoba
university_of_toronto	university_of_toronto
united_states_air_force_academy	united_states_air_force_academy
fresno_city_college	fresno_city_college
university_of_pittsburgh_school_of_pharmacy	university_of_pittsburgh_school_of_pharmacy
university_of_sri_lanka	university_of_sri_lanka
mount_st._mary's_university	mount_st._mary's_university
lewis_university	lewis_university
sheikh_zakariyyah_islamic_research_center	sheikh_zakariyyah_islamic_research_center
indian_council_of_agricultural_research	indian_council_of_agricultural_research
waseda_university	waseda_university
west_virginia_wesleyan_college	west_virginia_wesleyan_college
james_madison_university	james_madison_university
university_of_salford	university_of_salford
east_stroudsburg_university_of_pennsylvania	east_stroudsburg_university_of_pennsylvania
siena_college	siena_college
ucl_school_of_pharmacy	ucl_school_of_pharmacy
harvard_university	harvard_university
clemson_university	clemson_university
georgia_southern_university	georgia_southern_university
sonoma_state_university	sonoma_state_university
texas_christian_university	texas_christian_university
manuel_l._quezon_university	manuel_l._quezon_university
sree_kerala_varma_college	sree_kerala_varma_college
national_chengchi_university	national_chengchi_university
christopher_newport_university	christopher_newport_university
florida_a&m_university	florida_a&m_university
drexel_university	drexel_university
university_of_southern_california	university_of_southern_california
athens_school_of_fine_arts	athens_school_of_fine_arts
academy_of_art_university	academy_of_art_university
eastern_florida_state_college	eastern_florida_state_college
maryville_college	maryville_college
university_of_central_florida	university_of_central_florida
kingfisher_college	kingfisher_college
university_of_north_texas	university_of_north_texas
oklahoma_baptist_university	oklahoma_baptist_university
university_of_california,_los_angeles	university_of_california,_los_angeles
stony_brook_university	state_university_of_new_york
stony_brook_university	stony_brook_university
central_colleges_of_the_philippines	central_colleges_of_the_philippines
lyceum_of_the_philippines_university	lyceum_of_the_philippines_university
university_of_navarra	university_of_navarra
temasek_polytechnic	temasek_polytechnic
sam_houston_state_university	sam_houston_state_university
ottawa_university	ottawa_university
finger_lakes_community_college	finger_lakes_community_college
dean_college	dean_college
university_of_oxford	university_of_oxford
union_university	union_university
queen's_university	queen's_university
thomas_university	thomas_university
birkbeck,_university_of_london	birkbeck,_university_of_london
augsburg_college	augsburg_college
santa_clara_university	santa_clara_university
university_of_akron	university_of_akron
depauw_university	depauw_university
laurentian_university	laurentian_university
jogesh_chandra_chaudhuri_law_college	jogesh_chandra_chaudhuri_law_college
university_of_central_punjab	university_of_central_punjab
abertay_university	abertay_university
central_connecticut_state_university	central_connecticut_state_university
bryant_university	bryant_university
barnard_college	barnard_college
university_of_the_ryukyus	university_of_the_ryukyus
ramakrishna_mission_vivekananda_college	ramakrishna_mission_vivekananda_college
university_of_mount_union	university_of_mount_union
thammasat_university	thammasat_university
cleveland_community_college	cleveland_community_college
lehigh_university	lehigh_university
adamson_university	adamson_university
university_of_ghana	university_of_ghana
zhukovsky_air_force_engineering_academy	zhukovsky_air_force_engineering_academy
poynter_institute	poynter_institute
iowa_state_university	iowa_state_university
washington_state_university	washington_state_university
southern_utah_university	southern_utah_university
beloit_college	beloit_college
winona_state_university	winona_state_university
botswana_college_of_agriculture	botswana_college_of_agriculture
kafkas_university	kafkas_university
university_of_san_francisco	university_of_san_francisco
chernivtsi_university	chernivtsi_university
university_of_boyaca	university_of_boyaca
cardiff_metropolitan_university	cardiff_metropolitan_university
florida_gulf_coast_university	florida_gulf_coast_university
keio_university	keio_university
qarshi_university	qarshi_university
mississippi_state_university	mississippi_state_university
university_of_northern_british_columbia	university_of_northern_british_columbia
hrodna_state_university	hrodna_state_university
king_saud_bin_abdulaziz_university_for_health_sciences	king_saud_bin_abdulaziz_university_for_health_sciences
kabul_university	kabul_university
university_of_minnesota_duluth	university_of_minnesota_duluth
basque_center_for_applied_mathematics	basque_center_for_applied_mathematics
university_of_hartford	university_of_hartford
north_east_scotland_college	north_east_scotland_college
knox_college_(illinois)	knox_college_(illinois)
columbia_university_school_of_general_studies	columbia_university_school_of_general_studies
university_of_utah	university_of_utah
manipal_university	manipal_university
university_of_glasgow	university_of_glasgow
catawba_college	catawba_college
houghton_college	houghton_college
autonomous_university_of_carmen	autonomous_university_of_carmen
university_of_hong_kong	university_of_hong_kong
mindanao_state_university	mindanao_state_university
hacettepe_university	hacettepe_university
vietnam_aviation_academy	vietnam_aviation_academy
polytechnic_university_of_the_philippines	polytechnic_university_of_the_philippines
tati_university_college	tati_university_college
trinity_college,_toronto	trinity_college,_toronto
university_of_rochester	university_of_rochester
marquette_university	marquette_university
university_of_wales	university_of_wales
university_of_michigan	university_of_michigan
parsons_college	parsons_college
indian_national_science_academy	indian_national_science_academy
national_defence_university,_pakistan	national_defence_university,_pakistan
alabama_state_university	alabama_state_university
city_university_of_pasay	city_university_of_pasay
pitzer_college	pitzer_college
radboud_university_nijmegen	radboud_university_nijmegen
seattle_pacific_university	seattle_pacific_university
manipur_university	manipur_university
los_angeles_mission_college	los_angeles_mission_college
polk_state_college	polk_state_college
utrecht_university	utrecht_university
whitman_college	whitman_college
baldwin_wallace_university	baldwin_wallace_university
grand_canyon_university	grand_canyon_university
islamic_university_of_technology	islamic_university_of_technology
howard_university	howard_university
university_of_denver	university_of_denver
st._edward's_university	st._edward's_university
virginia_military_institute	virginia_military_institute
university_of_southern_mississippi	university_of_southern_mississippi
hanyang_university	hanyang_university
gustavus_adolphus_college	gustavus_adolphus_college
udayana_university	udayana_university
regis_college,_toronto	regis_college,_toronto
auburn_university	auburn_university
northwestern_university	northwestern_university
purdue_university	purdue_university
chukyo_university	chukyo_university
san_diego_state_university	san_diego_state_university
heilbronn_university	heilbronn_university
kyung_hee_university	kyung_hee_university
university_of_ibadan	university_of_ibadan
university_of_louisville	university_of_louisville
st._ambrose_university	st._ambrose_university
united_states_military_academy	united_states_military_academy
southern_polytechnic_state_university	southern_polytechnic_state_university
sanata_dharma_university	sanata_dharma_university
georgetown_university	georgetown_university
university_of_auckland	university_of_auckland
drew_university	drew_university
university_of_the_virgin_islands	university_of_the_virgin_islands
olivet_college	olivet_college
michigan_technological_university	michigan_technological_university
california_state_university,_chico	california_state_university,_chico
southern_illinois_university_edwardsville	southern_illinois_university_edwardsville
university_college_dublin	university_college_dublin
washington_&_jefferson_college	washington_&_jefferson_college
university_of_the_incarnate_word	university_of_the_incarnate_word
technological_institute_of_the_philippines	technological_institute_of_the_philippines
saint_petersburg_state_university	saint_petersburg_state_university
shorter_university	shorter_university
blackstone_college_for_girls	blackstone_college_for_girls
senshu_university	senshu_university
western_kentucky_university	western_kentucky_university
university_of_east_africa	university_of_east_africa
high_point_university	high_point_university
boston_college	boston_college
university_of_libya	university_of_libya
universidad_iberoamericana	universidad_iberoamericana
southern_illinois_university	southern_illinois_university
cleveland_state_university	cleveland_state_university
eastern_michigan_university	eastern_michigan_university
k._k._das_college	k._k._das_college
west_virginia_university	west_virginia_university
texas_southern_university	texas_southern_university
criswell_college	criswell_college
new_jersey_city_university	new_jersey_city_university
loyola_university_chicago	loyola_university_chicago
marymount_california_university	marymount_california_university
university_of_szczecin	university_of_szczecin
loras_college	loras_college
ismael_montes_teacher_training_college	ismael_montes_teacher_training_college
university_of_the_city_of_manila	university_of_the_city_of_manila
albright_college	albright_college
missouri_state_university	missouri_state_university
university_of_illinois_at_springfield	university_of_illinois_at_springfield
averett_university	averett_university
paco_catholic_school	paco_catholic_school
konkuk_university	konkuk_university
drexel_university_sacramento	drexel_university_sacramento
cosumnes_river_college	cosumnes_river_college
escuela_superior_politecnica_del_litoral	escuela_superior_politecnica_del_litoral
central_agricultural_university	central_agricultural_university
university_of_california,_davis	university_of_california,_davis
occidental_college	occidental_college
beihang_university	beihang_university
university_of_north_dakota	university_of_north_dakota
semmelweis_university	semmelweis_university
saint_mary's_college_of_california	saint_mary's_college_of_california
st._andrew's_college,_mumbai	st._andrew's_college,_mumbai
columbia_university	columbia_university
bocconi_university	bocconi_university
university_of_costa_rica	university_of_costa_rica
wilfrid_laurier_university	wilfrid_laurier_university
california_state_university,_fresno	california_state_university,_fresno
sarah_lawrence_college	sarah_lawrence_college
william_carey_university	william_carey_university
rikkyo_university	rikkyo_university
oklahoma_city_university	oklahoma_city_university
miami_university	miami_university
university_of_tolima	university_of_tolima
jabalpur_engineering_college	jabalpur_engineering_college
lee_university	lee_university
humber_college	humber_college
george_mason_university	george_mason_university
sapienza_university_of_rome	sapienza_university_of_rome
worcester_state_university	worcester_state_university
state_university_of_new_york_at_oneonta	state_university_of_new_york_at_oneonta
biola_university	biola_university
st._michael's_college,_toronto	st._michael's_college,_toronto
university_at_albany,_suny	university_at_albany,_suny
university_of_rhode_island	university_of_rhode_island
ladoke_akintola_university_of_technology	ladoke_akintola_university_of_technology
wayne_state_university	wayne_state_university
simon_fraser_university	simon_fraser_university
austin_community_college_district	austin_community_college_district
eckerd_college	eckerd_college
bowling_green_state_university	bowling_green_state_university
university_of_california,_riverside	university_of_california,_riverside
finlandia_university	finlandia_university
california_polytechnic_state_university	california_polytechnic_state_university
furman_university	furman_university
chuvash_state_university	chuvash_state_university
muhammadiyah_university_of_yogyakarta	muhammadiyah_university_of_yogyakarta
chulachomklao_royal_military_academy	chulachomklao_royal_military_academy
bucknell_university	bucknell_university
university_of_cincinnati	university_of_cincinnati
middle_tennessee_state_university	middle_tennessee_state_university
national_taiwan_normal_university	national_taiwan_normal_university
university_of_sheffield	university_of_sheffield
university_of_north_carolina_at_chapel_hill	university_of_north_carolina_at_chapel_hill
north_greenville_university	north_greenville_university
manipal_institute_of_technology	manipal_institute_of_technology
university_of_shanghai	university_of_shanghai
university_of_batangas	university_of_batangas
dalhousie_university	dalhousie_university
university_of_missouri	university_of_missouri
kwansei_gakuin_university	kwansei_gakuin_university
belmont_university	belmont_university
mesa_community_college	mesa_community_college
university_of_tennessee	university_of_tennessee
fordham_university	fordham_university
al-baath_university	al-baath_university
centre_college	centre_college
serampore_college	serampore_college
university_of_east_anglia	university_of_east_anglia
university_of_southern_indiana	university_of_southern_indiana
eastern_kentucky_university	eastern_kentucky_university
universidad_popular_de_la_chontalpa	universidad_popular_de_la_chontalpa
university_of_tirana	university_of_tirana
clarkson_university	clarkson_university
carleton_college	carleton_college
columbia_college_chicago	columbia_college_chicago
san_carlos_seminary	san_carlos_seminary
loma_linda_university	loma_linda_university
national_research_university_of_electronic_technology	national_research_university_of_electronic_technology
astrakhan_state_technical_university	astrakhan_state_technical_university
east_los_angeles_college	east_los_angeles_college
university_of_deusto	university_of_deusto
bradley_university	bradley_university
university_of_british_columbia	university_of_british_columbia
louisiana_state_university	louisiana_state_university
western_illinois_university	western_illinois_university
warsaw_school_of_economics	warsaw_school_of_economics
linfield_college	linfield_college
wright_state_university	wright_state_university
erskine_college	erskine_college
springfield_college_(massachusetts)	springfield_college_(massachusetts)
american_river_college	american_river_college
yonsei_university	yonsei_university
colorado_school_of_mines	colorado_school_of_mines
saint_mary's_university_of_minnesota	saint_mary's_university_of_minnesota
university_of_north_carolina_at_asheville	university_of_north_carolina_at_asheville
lewis_&_clark_college	lewis_&_clark_college
dallas_baptist_university	dallas_baptist_university
duta_wacana_christian_university	duta_wacana_christian_university
university_of_texas_at_el_paso	university_of_texas_at_el_paso
the_college_of_new_jersey	the_college_of_new_jersey
chicago_state_university	chicago_state_university
university_of_kentucky	university_of_kentucky
college_of_southern_maryland	college_of_southern_maryland
boston_architectural_college	boston_architectural_college
allahabad_university	allahabad_university
universidade_federal_de_alfenas	universidade_federal_de_alfenas
san_beda_college	san_beda_college
oregon_state_university	oregon_state_university
foothill_college	foothill_college
manila_central_university	manila_central_university
university_of_lagos	university_of_lagos
vassar_college	vassar_college
university_of_alberta	university_of_alberta
millersville_university_of_pennsylvania	millersville_university_of_pennsylvania
admiral_makarov_national_university_of_shipbuilding	admiral_makarov_national_university_of_shipbuilding
seoul_national_university	seoul_national_university
beijing_jiaotong_university	beijing_jiaotong_university
belhaven_university	belhaven_university
wake_forest_university	wake_forest_university
johns_hopkins_university	johns_hopkins_university
dominica_state_college	dominica_state_college
chodang_university	chodang_university
presidency_college,_chennai	presidency_college,_chennai
university_of_richmond	university_of_richmond
zhejiang_university	zhejiang_university
university_of_alabama_at_birmingham	university_of_alabama_at_birmingham
university_of_piura	university_of_piura
rensselaer_polytechnic_institute	rensselaer_polytechnic_institute
university_of_valle	university_of_valle
rajamangala_university_of_technology_srivijaya	rajamangala_university_of_technology_thanyaburi
fazl_ali_college	fazl_ali_college
university_of_winnipeg	university_of_winnipeg
lehigh_carbon_community_college	lehigh_carbon_community_college
university_of_memphis	university_of_memphis
point_loma_nazarene_university	point_loma_nazarene_university
university_of_the_witwatersrand	university_of_the_witwatersrand
california_state_university,_sacramento	california_state_university,_sacramento
istanbul_technical_university	istanbul_technical_university
manila_business_college	manila_business_college
university_of_the_cordilleras	university_of_the_cordilleras
university_of_mindanao	university_of_mindanao
fairleigh_dickinson_university	fairleigh_dickinson_university
toccoa_falls_college	toccoa_falls_college
university_of_edinburgh	university_of_edinburgh
multimedia_nusantara_university	multimedia_nusantara_university
pachaiyappa's_college	pachaiyappa's_college
pfeiffer_university	pfeiffer_university
university_of_the_district_of_columbia	university_of_the_district_of_columbia
medical_university_of_vienna	medical_university_of_vienna
polytechnic_university_of_the_philippines_santo_tomas	polytechnic_university_of_the_philippines
university_of_texas_at_dallas	university_of_texas_at_dallas
south_ural_state_university	south_ural_state_university
college_of_william_&_mary	college_of_william_&_mary
king's_college_london	king's_college_london
widener_university	widener_university
rowan_university	rowan_university
binghamton_university	binghamton_university
cape_cod_community_college	cape_cod_community_college
university_of_bristol	university_of_bristol
southwest_tennessee_community_college	southwest_tennessee_community_college
university_of_virginia	university_of_virginia
pamantasan_ng_lungsod_ng_valenzuela	pamantasan_ng_lungsod_ng_valenzuela
seattle_university	seattle_university
california_state_university,_long_beach	california_state_university,_long_beach
brigham_young_university	brigham_young_university
langara_college	langara_college
palomar_college	palomar_college
brown_university	brown_university
northern_christian_college	northern_christian_college
beijing_university_of_chemical_technology	beijing_university_of_chemical_technology
tokyo_gakugei_university	tokyo_gakugei_university
nu_phi_delta	nu_phi_delta
garden_city_community_college	garden_city_community_college
sangji_university	sangji_university
moody_bible_institute	moody_bible_institute
meghnad_saha_institute_of_technology	meghnad_saha_institute_of_technology
dongguk_university	dongguk_university
ohio_northern_university	ohio_northern_university
fitchburg_state_university	fitchburg_state_university
jagiellonian_university	jagiellonian_university
maranatha_christian_university	maranatha_christian_university
hansung_university	hansung_university
salisbury_university	salisbury_university
rissho_university	rissho_university
university_of_mumbai	university_of_mumbai
stephen_f._austin_state_university	stephen_f._austin_state_university
university_of_zambia	university_of_zambia
theresian_military_academy	theresian_military_academy
southern_nazarene_university	southern_nazarene_university
southern_connecticut_state_university	southern_connecticut_state_university
florida_state_university	florida_state_university
tunghai_university	tunghai_university
university_of_west_florida	university_of_west_florida
harstad_university_college	harstad_university_college
davidson_college	davidson_college
centro_universitario_anglo_mexicano	centro_universitario_anglo_mexicano
bursa_technical_university	bursa_technical_university
university_of_the_west_of_england	university_of_the_west_of_england
national_university_of_trujillo	national_university_of_trujillo
middle_east_technical_university	middle_east_technical_university
wheaton_college_(illinois)	wheaton_college_(illinois)
aurora_university	aurora_university
stevens_institute_of_technology	stevens_institute_of_technology
queen's_university_belfast	queen's_university_belfast
china_agricultural_university	china_agricultural_university
birzeit_university	birzeit_university
emory_university	emory_university
asia_europe_university	asia_europe_university
campbell_university	campbell_university
hanyang_women's_university	hanyang_women's_university
old_dominion_university	old_dominion_university
fort_lewis_college	fort_lewis_college
southern_illinois_university_carbondale	southern_illinois_university_carbondale
lds_business_college	lds_business_college
ohio_wesleyan_university	ohio_wesleyan_university
hebrew_theological_college	hebrew_theological_college
bethel_college_(indiana)	bethel_college_(indiana)
providence_college	providence_college
spelman_college	spelman_college
kean_university	kean_university
italian_naval_academy	italian_naval_academy
olivet_nazarene_university	olivet_nazarene_university
university_of_new_brunswick	university_of_new_brunswick
towson_university	towson_university
university_of_montevallo	university_of_montevallo
augusta_state_university	augusta_state_university
bogor_agricultural_university	bogor_agricultural_university
georgia_institute_of_technology	georgia_institute_of_technology
texas_tech_university	texas_tech_university
christendom_college	christendom_college
university_of_western_ontario	university_of_western_ontario
chosun_university	chosun_university
daytona_state_college	daytona_state_college
seward_county_community_college	seward_county_community_college
adelphi_university	adelphi_university
pittsburg_state_university	pittsburg_state_university
utah_state_university	utah_state_university
university_of_northern_iowa	university_of_northern_iowa
university_of_south_carolina	university_of_south_carolina
rockland_community_college	rockland_community_college
georgia_southwestern_state_university	georgia_southwestern_state_university
stanford_university	stanford_university
duke_university	duke_university
university_of_victoria	university_of_victoria
university_of_indianapolis	university_of_indianapolis
valparaiso_university	valparaiso_university
university_of_california,_irvine	university_of_california,_irvine
randolph_college	randolph_college
university_of_pittsburgh	university_of_pittsburgh
georgetown_college	georgetown_college
williams_college	williams_college
kennesaw_state_university	kennesaw_state_university
helwan_university	helwan_university
international_islamic_university_malaysia	international_islamic_university_malaysia
university_of_kent	university_of_kent
university_of_notre_dame	university_of_notre_dame
the_principia	the_principia
ozarks_technical_community_college	ozarks_technical_community_college
universidad_nueva_esparta	universidad_nueva_esparta
i-shou_university	i-shou_university
denison_university	denison_university
university_of_da_nang	university_of_da_nang
san_francisco_state_university	san_francisco_state_university
austin_college	austin_college
regis_university	regis_university
university_of_burgos	university_of_burgos
nassau_community_college	nassau_community_college
rajamangala_university_of_technology_thanyaburi	rajamangala_university_of_technology_thanyaburi
university_of_detroit_mercy	university_of_detroit_mercy
digipen_institute_of_technology	digipen_institute_of_technology
mines_paristech	mines_paristech
berea_college	berea_college
university_of_idaho	university_of_idaho
brandeis_university	brandeis_university
singapore_institute_of_technology	singapore_institute_of_technology
millikin_university	millikin_university
university_of_sussex	university_of_sussex
nippon_sport_science_university	nippon_sport_science_university
concordia_university_(oregon)	concordia_university_(oregon)
brenau_university	brenau_university
jacksonville_university	jacksonville_university
computer_university,_monywa	computer_university,_monywa
moscow_aviation_institute	moscow_aviation_institute
georgia_military_college	georgia_military_college
rogers_state_university	rogers_state_university
