uganda_museum	uganda_museum
exploration_place	exploration_place
rembrandt_house_museum	rembrandt_house_museum
vatican_museums	vatican_museums
oulu_museum_of_art	oulu_museum_of_art
weisman_art_museum	weisman_art_museum
dorman_museum	dorman_museum
nikola_tesla_museum	nikola_tesla_museum
kyoto_international_manga_museum	kyoto_international_manga_museum
chiwoo_craft_museum	chiwoo_craft_museum
australian_national_maritime_museum	australian_national_maritime_museum
san_francisco_museum_of_modern_art	san_francisco_museum_of_modern_art
finnish_aviation_museum	finnish_aviation_museum
hungarian_national_gallery	hungarian_national_gallery
virasat-e-khalsa	virasat-e-khalsa
herschel_museum_of_astronomy	herschel_museum_of_astronomy
museum_boijmans_van_beuningen	museum_boijmans_van_beuningen
jurby_transport_museum	jurby_transport_museum
museum_aan_de_stroom	museum_aan_de_stroom
seoul_museum_of_history	seoul_museum_of_history
national_gallery_in_prague	national_gallery_in_prague
wereldmuseum	wereldmuseum
marian_koshland_science_museum	marian_koshland_science_museum
aviation_museum_of_central_finland	aviation_museum_of_central_finland
chojun_textile_&_quilt_art_museum	chojun_textile_&_quilt_art_museum
cartoon_art_museum	cartoon_art_museum
belgian_comic_strip_center	belgian_comic_strip_center
house_of_terror	house_of_terror
walk_of_the_stars	walk_of_the_stars
montreal_planetarium	montreal_planetarium
lithuanian_road_museum	lithuanian_road_museum
carnegie_science_center	carnegie_science_center
bata_shoe_museum	bata_shoe_museum
shanghai_urban_planning_exhibition_center	shanghai_urban_planning_exhibition_center
freud_museum	freud_museum
children's_museum_of_los_angeles	children's_museum_of_los_angeles
danmarks_traktormuseum	danmarks_traktormuseum
racine_art_museum	racine_art_museum
valencia_history_museum	valencia_history_museum
kiasma	kiasma
wally_parks_nhra_motorsports_museum	wally_parks_nhra_motorsports_museum
global_village_folk_museum	global_village_folk_museum
north_carolina_museum_of_history	north_carolina_museum_of_history
amsterdam_museum	amsterdam_museum
adam_art_gallery	adam_art_gallery
dharma_wiratama_museum	dharma_wiratama_museum
national_museum_of_the_pacific_war	national_museum_of_the_pacific_war
estonian_maritime_museum	estonian_maritime_museum
museu_militar_do_porto	museu_militar_do_porto
singapore_city_gallery	singapore_city_gallery
mccord_museum	mccord_museum
crystal_bridges_museum_of_american_art	crystal_bridges_museum_of_american_art
getty_center	getty_center
savina_museum	savina_museum
museum_of_asian_art	museum_of_asian_art
alameda_museum	alameda_museum
rio_tinto_alcan_planetarium	rio_tinto_alcan_planetarium
chabot_museum	chabot_museum
moundville_archaeological_museum	moundville_archaeological_museum
american_folk_art_museum	american_folk_art_museum
national_press_monument	national_press_monument
national_museum_of_ireland	national_museum_of_ireland
lyallpur_museum	lyallpur_museum
museum_folkwang	museum_folkwang
aga_khan_museum	aga_khan_museum
ulsan_museum	ulsan_museum
riverside_museum_at_blake's_lock	riverside_museum_at_blake's_lock
bologna_museum_of_modern_art	bologna_museum_of_modern_art
ulsan_science_museum	ulsan_science_museum
museo_soumaya	museo_soumaya
99s_museum_of_women_pilots	99s_museum_of_women_pilots
yiddish_book_center	yiddish_book_center
art_museum_of_southeast_texas	art_museum_of_southeast_texas
diamond_museum_amsterdam	diamond_museum_amsterdam
strataca	strataca
bank_mandiri_museum	bank_mandiri_museum
museum_of_diplomatic_corps	museum_of_diplomatic_corps
bank_of_korea_museum	bank_of_korea_museum
rodin_museum	rodin_museum
war_of_independence_museum	war_of_independence_museum
national_postal_museum	national_postal_museum
georgia_music_hall_of_fame	georgia_music_hall_of_fame
sanskar_kendra	sanskar_kendra
seoul_education_museum	seoul_education_museum
seaplane_harbour	seaplane_harbour
american_museum_of_magic	american_museum_of_magic
henry_art_gallery	henry_art_gallery
telus_spark	telus_spark
setagaya_art_museum	setagaya_art_museum
scitrek	scitrek
hellfire_pass	hellfire_pass
adana_cinema_museum	adana_cinema_museum
oshawa_community_museum	oshawa_community_museum
st._augustine_pirate_&_treasure_museum	st._augustine_pirate_&_treasure_museum
science_north	science_north
hash,_marihuana_&_hemp_museum	hash,_marihuana_&_hemp_museum
tri-state_warbird_museum	tri-state_warbird_museum
fantasy_of_flight	fantasy_of_flight
melbourne's_living_museum_of_the_west	melbourne's_living_museum_of_the_west
ogden_museum_of_southern_art	ogden_museum_of_southern_art
national_gallery_of_indonesia	national_gallery_of_indonesia
ukraine_state_aviation_museum	ukraine_state_aviation_museum
children's_museum_of_winston-salem	children's_museum_of_winston-salem
estonian_history_museum	estonian_history_museum
beaumont_art_league	beaumont_art_league
guba_genocide_memorial_complex	guba_genocide_memorial_complex
captain_cook_birthplace_museum	captain_cook_birthplace_museum
van_gogh_museum	van_gogh_museum
presseum	presseum
west_berkshire_museum	west_berkshire_museum
fraunces_tavern	fraunces_tavern
harley-davidson_museum	harley-davidson_museum
beijing_planning_exhibition_hall	beijing_planning_exhibition_hall
niles_depot_museum	niles_depot_museum
gilmore_car_museum	gilmore_car_museum
american_university_museum	american_university_museum
balay_negrense	balay_negrense
neka_art_museum	neka_art_museum
museum_of_occupations	museum_of_occupations
national_museum_of_bhutan	national_museum_of_bhutan
booth_museum_of_natural_history	booth_museum_of_natural_history
museum_of_the_image	museum_of_the_image
baku_museum_of_modern_art	baku_museum_of_modern_art
the_science_factory	the_science_factory
toonseum	toonseum
creation_museum	creation_museum
rieskrater_museum	rieskrater_museum
escher_museum	escher_museum
raahe_museum	raahe_museum
guggenheim_museum_bilbao	guggenheim_museum_bilbao
bach_house_(eisenach)	bach_house_(eisenach)
istanbul_archaeology_museums	istanbul_archaeology_museums
cinquantenaire_museum	cinquantenaire_museum
kyushu_national_museum	kyushu_national_museum
cosmodome	cosmodome
cardiff_story	cardiff_story
silent_wings_museum	silent_wings_museum
netherlands_architecture_institute	netherlands_architecture_institute
house-museum_of_vagif_mustafazadeh	house-museum_of_vagif_mustafazadeh
hockey_heritage_north	hockey_heritage_north
drents_museum	drents_museum
independence_museum_of_azerbaijan	independence_museum_of_azerbaijan
sainte_marie_among_the_iroquois	sainte_marie_among_the_iroquois
jean_cocteau_museum	jean_cocteau_museum
pakistan_army_museum	pakistan_army_museum
trabzon_museum	trabzon_museum
national_museum_of_the_united_states_air_force	national_museum_of_the_united_states_air_force
mcwane_science_center	mcwane_science_center
national_sports_museum	national_sports_museum
galileo_galilei_planetarium	galileo_galilei_planetarium
australian_railway_historical_society_museum	australian_railway_historical_society_museum
allard_pierson_museum	allard_pierson_museum
national_museum_of_sudan	national_museum_of_sudan
kimbell_art_museum	kimbell_art_museum
rakkojae	rakkojae
korean_revolution_museum	korean_revolution_museum
museo_universitario_del_chopo	museo_universitario_del_chopo
york_art_gallery	york_art_gallery
la_maison_de_la_magie_robert-houdin	la_maison_de_la_magie_robert-houdin
museum_perumusan_naskah_proklamasi	museum_perumusan_naskah_proklamasi
hout_bay_museum	hout_bay_museum
pendine_museum_of_speed	pendine_museum_of_speed
honda_collection_hall	honda_collection_hall
modoc_county_historical_museum	modoc_county_historical_museum
wadsworth_atheneum	wadsworth_atheneum
odessa_art_museum	odessa_art_museum
museum_de_oude_wolden	museum_de_oude_wolden
lithuanian_museum_of_ethnocosmology	lithuanian_museum_of_ethnocosmology
rubin_museum_of_art	rubin_museum_of_art
gasworks_gallery	gasworks_gallery
museo_alameda	museo_alameda
tampa_bay_automobile_museum	tampa_bay_automobile_museum
radya_pustaka_museum	radya_pustaka_museum
reflections_at_bukit_chandu	reflections_at_bukit_chandu
new_york_transit_museum	new_york_transit_museum
vero_beach_museum_of_art	vero_beach_museum_of_art
tartu_toy_museum	tartu_toy_museum
nichols_arboretum	nichols_arboretum
cwow_gallery	cwow_gallery
shania_twain_centre	shania_twain_centre
tate_britain	tate_britain
international_museum_of_horology	international_museum_of_horology
national_museum_of_crime_&_punishment	national_museum_of_crime_&_punishment
national_constitution_center	national_constitution_center
the_cloisters	the_cloisters
bechtler_museum_of_modern_art	bechtler_museum_of_modern_art
abingdon_county_hall_museum	abingdon_county_hall_museum
british_commercial_vehicle_museum	british_commercial_vehicle_museum
belvue_museum	belvue_museum
rockefeller_museum	rockefeller_museum
foosaner_art_museum	foosaner_art_museum
playland-not-at-the-beach	playland-not-at-the-beach
fanshawe_pioneer_village	fanshawe_pioneer_village
azerbaijan_carpet_museum	azerbaijan_carpet_museum
berkshire_museum	berkshire_museum
finnish_aviation_museum	finnish_aviation_museum
seoul_museum_of_history	seoul_museum_of_history
flint_children's_museum	flint_children's_museum
royal_regiment_of_fusiliers_museum_(royal_warwickshire)	royal_regiment_of_fusiliers_museum_(royal_warwickshire)
chojun_textile_&_quilt_art_museum	chojun_textile_&_quilt_art_museum
canadian_children's_museum	canadian_children's_museum
istanbul_zoology_museum	istanbul_zoology_museum
bata_shoe_museum	bata_shoe_museum
west_nusa_tenggara_state_museum	west_nusa_tenggara_state_museum
freud_museum	freud_museum
children's_museum_of_los_angeles	children's_museum_of_los_angeles
wally_parks_nhra_motorsports_museum	wally_parks_nhra_motorsports_museum
global_village_folk_museum	global_village_folk_museum
istanbul_naval_museum	istanbul_naval_museum
art_gallery_of_south_australia	art_gallery_of_south_australia
getty_center	getty_center
tampa_bay_history_center	tampa_bay_history_center
istanbul_contemporary_art_museum	istanbul_contemporary_art_museum
national_toy_train_museum	national_toy_train_museum
museum_of_asian_art	museum_of_asian_art
ilchester_museum	ilchester_museum
ajax_experience	ajax_experience
fateh_burj	fateh_burj
african_american_museum_in_philadelphia	african_american_museum_in_philadelphia
fort_richelieu	fort_richelieu
vestingmuseum_oudeschans	vestingmuseum_oudeschans
hermitage_amsterdam	hermitage_amsterdam
whanki_museum	whanki_museum
museum_folkwang	museum_folkwang
riverside_museum_at_blake's_lock	riverside_museum_at_blake's_lock
canadian_warplane_heritage_museum	canadian_warplane_heritage_museum
maritime_&_yachting_museum	maritime_&_yachting_museum
ulsan_science_museum	ulsan_science_museum
museum_of_english_rural_life	museum_of_english_rural_life
bank_mandiri_museum	bank_mandiri_museum
kunsthal	kunsthal
lambretta_scooter_museum	lambretta_scooter_museum
national_postal_museum	national_postal_museum
han_sang_soo_embroidery_museum	han_sang_soo_embroidery_museum
telus_spark	telus_spark
setagaya_art_museum	setagaya_art_museum
military_heritage_&_aviation_museum	military_heritage_&_aviation_museum
norman_studios	norman_studios
grenoble_archaeological_museum	grenoble_archaeological_museum
museum_of_national_awakening	museum_of_national_awakening
kandilli_earthquake_museum	kandilli_earthquake_museum
rezan_has_museum	rezan_has_museum
centro_del_calamar_gigante	centro_del_calamar_gigante
sainte-marie_among_the_hurons	sainte-marie_among_the_hurons
van_gogh_museum	van_gogh_museum
somerset_cricket_museum	somerset_cricket_museum
chasing_rainbows_museum	chasing_rainbows_museum
the_abraham_park_kenneth_vine_collection	the_abraham_park_kenneth_vine_collection
mansfield_art_center	mansfield_art_center
gilmore_car_museum	gilmore_car_museum
florence_air_&_missile_museum	florence_air_&_missile_museum
george_washington_university_art_galleries	george_washington_university_art_galleries
toonseum	toonseum
huis_doorn	huis_doorn
drake_well_museum	drake_well_museum
artcar_museum	artcar_museum
satakunta_museum	satakunta_museum
misis_mosaic_museum	misis_mosaic_museum
cinquantenaire_museum	cinquantenaire_museum
guggenheim_museum_bilbao	guggenheim_museum_bilbao
shusha_museum_of_history	shusha_museum_of_history
cosmodome	backus-page_house_museum
cosmodome	cosmodome
richmond_vale_railway_museum	richmond_vale_railway_museum
cole_museum_of_zoology	cole_museum_of_zoology
museum_of_ontario_archaeology	museum_of_ontario_archaeology
national_museum_of_american_jewish_history	national_museum_of_american_jewish_history
carolinas_aviation_museum	carolinas_aviation_museum
rosalie_whyel_museum_of_doll_art	rosalie_whyel_museum_of_doll_art
edventure	edventure
hockey_heritage_north	hockey_heritage_north
southern_alberta_art_gallery	southern_alberta_art_gallery
south_african_airways_museum_society	south_african_airways_museum_society
archaeological_museum_of_gandia	archaeological_museum_of_gandia
shibden_hall	shibden_hall
washington_national_guard_museum	washington_national_guard_museum
bundeswehr_military_history_museum	bundeswehr_military_history_museum
canadian_canoe_museum	canadian_canoe_museum
horim_museum	horim_museum
national_sports_museum	national_sports_museum
barnum_house	barnum_house
museum_of_the_city_of_brussels	museum_of_the_city_of_brussels
allard_pierson_museum	allard_pierson_museum
cobra_museum	cobra_museum
fan_museum	fan_museum
alberta_central_railway_museum	alberta_central_railway_museum
kimbell_art_museum	kimbell_art_museum
maritime_museum_of_tasmania	maritime_museum_of_tasmania
magritte_museum	magritte_museum
rmit_gallery	rmit_gallery
bailiffgate_museum	bailiffgate_museum
north_brevard_historical_museum	north_brevard_historical_museum
royal_academy_of_arts	royal_academy_of_arts
museum_perumusan_naskah_proklamasi	museum_perumusan_naskah_proklamasi
hout_bay_museum	hout_bay_museum
museum_for_northern_peoples	museum_for_northern_peoples
national_etruscan_museum	national_etruscan_museum
gasworks_gallery	gasworks_gallery
mobile_museum_of_art	mobile_museum_of_art
queensland_art_gallery	queensland_art_gallery
museum_of_glass	museum_of_glass
old_treasury_building,_melbourne	old_treasury_building,_melbourne
raven_hill_discovery_center	raven_hill_discovery_center
royal_danish_naval_museum	royal_danish_naval_museum
rijksmuseum	rijksmuseum
gulf_coast_museum_of_art	gulf_coast_museum_of_art
institute_of_contemporary_arts	institute_of_contemporary_arts
fleet_air_arm_museum	fleet_air_arm_museum
rembrandt_house_museum	rembrandt_house_museum
textile_museum_of_canada	textile_museum_of_canada
steveston_museum	steveston_museum
courtauld_gallery	courtauld_gallery
art_gallery_of_alberta	art_gallery_of_alberta
st._lucie_county_regional_history_center	st._lucie_county_regional_history_center
fort_york	fort_york
people's_history_museum	people's_history_museum
royal_belgian_institute_of_natural_sciences	royal_belgian_institute_of_natural_sciences
j._wayne_stark_galleries	j._wayne_stark_galleries
wereldmuseum	wereldmuseum
gahoe_museum	gahoe_museum
aviation_museum_of_central_finland	aviation_museum_of_central_finland
walk_of_the_stars	walk_of_the_stars
museo_rossimoda_della_calzatura	museo_rossimoda_della_calzatura
dutch_navy_museum	dutch_navy_museum
washington_county_museum	washington_county_museum
alicante_museum_of_contemporary_art	alicante_museum_of_contemporary_art
antalya_museum	antalya_museum
amsterdam_museum	amsterdam_museum
national_museum_of_the_pacific_war	national_museum_of_the_pacific_war
roskilde_museum	roskilde_museum
museum_of_northern_history	museum_of_northern_history
rio_tinto_alcan_planetarium	rio_tinto_alcan_planetarium
national_army_museum	national_army_museum
flint_institute_of_arts	flint_institute_of_arts
historymiami	historymiami
american_folk_art_museum	american_folk_art_museum
ulsan_museum	ulsan_museum
asturias_gold_museum	asturias_gold_museum
diamond_museum_amsterdam	diamond_museum_amsterdam
louwman_museum	louwman_museum
rodin_museum	rodin_museum
seoul_education_museum	seoul_education_museum
seattle_asian_art_museum	seattle_asian_art_museum
museum_of_london	museum_of_london
museum_of_flight	museum_of_flight
national_palace_museum_of_korea	national_palace_museum_of_korea
odisha_state_museum	odisha_state_museum
st._augustine_pirate_&_treasure_museum	st._augustine_pirate_&_treasure_museum
oshawa_community_museum	oshawa_community_museum
izmir_ethnography_museum	izmir_ethnography_museum
science_north	science_north
stoomgemaal_vier_noorder_koggen	stoomgemaal_vier_noorder_koggen
mel_fisher_maritime_heritage_museum	mel_fisher_maritime_heritage_museum
canadian_aviation_heritage_centre	canadian_aviation_heritage_centre
museum_sang_nila_utama	museum_sang_nila_utama
yankee_air_museum	yankee_air_museum
ogden_museum_of_southern_art	ogden_museum_of_southern_art
el_museo_del_barrio	el_museo_del_barrio
guba_genocide_memorial_complex	guba_genocide_memorial_complex
presseum	presseum
museum_of_inuit_art	museum_of_inuit_art
pretoria_art_museum	pretoria_art_museum
escher_museum	escher_museum
rieskrater_museum	rieskrater_museum
york_castle_museum	york_castle_museum
national_guard_memorial_museum	national_guard_memorial_museum
whitechapel_gallery	whitechapel_gallery
mcmichael_canadian_art_collection	mcmichael_canadian_art_collection
stedelijk_museum_amsterdam	stedelijk_museum_amsterdam
amelia_island_museum_of_history	amelia_island_museum_of_history
ramsgate_maritime_museum	ramsgate_maritime_museum
tteok_&_kitchen_utensil_museum	tteok_&_kitchen_utensil_museum
the_mennello_museum_of_american_art	the_mennello_museum_of_american_art
rakkojae	rakkojae
menkemaborg	menkemaborg
sunken_secrets	sunken_secrets
museum_of_broken_relationships	museum_of_broken_relationships
la_maison_de_la_magie_robert-houdin	la_maison_de_la_magie_robert-houdin
kirkaldy_testing_museum	kirkaldy_testing_museum
hispanic_society_of_america	hispanic_society_of_america
galleria_borghese	galleria_borghese
gaziantep_museum_of_archaeology	gaziantep_museum_of_archaeology
museum_de_oude_wolden	museum_de_oude_wolden
rubin_museum_of_art	rubin_museum_of_art
connecticut_historical_society	connecticut_historical_society
vero_beach_museum_of_art	vero_beach_museum_of_art
huntsville_museum_of_art	huntsville_museum_of_art
fitzwilliam_museum	fitzwilliam_museum
leavenworth_nutcracker_museum	leavenworth_nutcracker_museum
bruton_museum	bruton_museum
blake_museum	blake_museum
foosaner_art_museum	foosaner_art_museum
valiant_air_command_warbird_museum	valiant_air_command_warbird_museum
backus-page_house_museum	backus-page_house_museum
eckley_miners'_village	eckley_miners'_village
netherlands_open_air_museum	netherlands_open_air_museum
motorcyclepedia	motorcyclepedia
san_francisco_museum_of_modern_art	san_francisco_museum_of_modern_art
virasat-e-khalsa	virasat-e-khalsa
tcdd_open_air_steam_locomotive_museum	tcdd_open_air_steam_locomotive_museum
teylers_museum	teylers_museum
holland_museum	holland_museum
montreal_planetarium	montreal_planetarium
peterborough_museum_&_archives	peterborough_museum_&_archives
archaeological_museum_of_manisa	archaeological_museum_of_manisa
angel_museum	angel_museum
ben_uri_gallery	ben_uri_gallery
mersin_museum	mersin_museum
valley_heights_locomotive_depot_heritage_museum	valley_heights_locomotive_depot_heritage_museum
discovery_museum	discovery_museum
design_museum	design_museum
the_transport_museum,_wythall	the_transport_museum,_wythall
mccord_museum	mccord_museum
higgins_armory_museum	higgins_armory_museum
zaans_museum	zaans_museum
king_township_museum	king_township_museum
didcot_railway_centre	didcot_railway_centre
national_veterans_art_museum	national_veterans_art_museum
the_phillips_collection	the_phillips_collection
lyallpur_museum	lyallpur_museum
halifax_historical_museum	halifax_historical_museum
centre_for_life	centre_for_life
montreal_museum_of_fine_arts	montreal_museum_of_fine_arts
tropenmuseum	tropenmuseum
miami_children's_museum	miami_children's_museum
botanic_garden_meise	botanic_garden_meise
alberta_flying_heritage_museum	alberta_flying_heritage_museum
museo_dell'olivo_e_dell'olio	museo_dell'olivo_e_dell'olio
jewish_museum_london	jewish_museum_london
baltimore_museum_of_art	baltimore_museum_of_art
war_of_independence_museum	war_of_independence_museum
station_museum_of_contemporary_art	station_museum_of_contemporary_art
henry_art_gallery	henry_art_gallery
maritime_&_seafood_industry_museum	maritime_&_seafood_industry_museum
world_forestry_center	world_forestry_center
adana_cinema_museum	adana_cinema_museum
hash,_marihuana_&_hemp_museum	hash,_marihuana_&_hemp_museum
museum_boerhaave	museum_boerhaave
melbourne's_living_museum_of_the_west	melbourne's_living_museum_of_the_west
lakeland_motor_museum	lakeland_motor_museum
tiled_kiosk	tiled_kiosk
frans_hals_museum	frans_hals_museum
istanbul_railway_museum	istanbul_railway_museum
edmonton_radial_railway_society	edmonton_radial_railway_society
gemeentemuseum_den_haag	gemeentemuseum_den_haag
san_diego_model_railroad_museum	san_diego_model_railroad_museum
northern_ostrobothnia_museum	northern_ostrobothnia_museum
royal_museum_for_central_africa	royal_museum_for_central_africa
mokotakan	mokotakan
stuart_heritage_museum	stuart_heritage_museum
museum_of_south_somerset	museum_of_south_somerset
sebastian_fishing_museum	sebastian_fishing_museum
key_west_shipwreck_museum	key_west_shipwreck_museum
perc_tucker_regional_gallery	perc_tucker_regional_gallery
australian_army_artillery_museum	australian_army_artillery_museum
raahe_museum	raahe_museum
jim_crow_museum_of_racist_memorabilia	jim_crow_museum_of_racist_memorabilia
atlantic_wall_open_air_museum	atlantic_wall_open_air_museum
cardiff_story	cardiff_story
museo_nacional_de_ciencias_naturales	museo_nacional_de_ciencias_naturales
drents_museum	drents_museum
groninger_museum	groninger_museum
sainte_marie_among_the_iroquois	sainte_marie_among_the_iroquois
broel_museum	broel_museum
jean_cocteau_museum	jean_cocteau_museum
clockarium	clockarium
mcwane_science_center	mcwane_science_center
streetlife_museum_of_transport	streetlife_museum_of_transport
yeshiva_university_museum	yeshiva_university_museum
hands_on_children's_museum	hands_on_children's_museum
railroad_museum_of_pennsylvania	railroad_museum_of_pennsylvania
lawrence_hall_of_science	lawrence_hall_of_science
herreshoff_marine_museum	herreshoff_marine_museum
makah_museum	makah_museum
ateneum	ateneum
hallinportti_aviation_museum	hallinportti_aviation_museum
florida_holocaust_museum	florida_holocaust_museum
izmir_archeology_museum	izmir_archeology_museum
jewish_heritage_centre,_winnipeg	jewish_heritage_centre,_winnipeg
museo_alameda	museo_alameda
tampa_bay_automobile_museum	tampa_bay_automobile_museum
santralistanbul	santralistanbul
historic_rossetter_house_museum	historic_rossetter_house_museum
new_york_transit_museum	new_york_transit_museum
mauritshuis	mauritshuis
pacific_pinball_museum	pacific_pinball_museum
liberty_bell_memorial_museum	liberty_bell_memorial_museum
total_museum_of_contemporary_art	total_museum_of_contemporary_art
caledon_museum	caledon_museum
national_art_museum_of_azerbaijan	national_art_museum_of_azerbaijan
the_cloisters	the_cloisters
pacific_science_center	pacific_science_center
german-american_heritage_museum_of_the_usa	german-american_heritage_museum_of_the_usa
belvue_museum	belvue_museum
danish_museum_of_art_&_design	danish_museum_of_art_&_design
national_museum_of_korea	national_museum_of_korea
the_military_museums	the_military_museums
railworld	railworld
dar_museum	dar_museum
chiwoo_craft_museum	chiwoo_craft_museum
central_texas_museum_of_automotive_history	central_texas_museum_of_automotive_history
museum_boijmans_van_beuningen	museum_boijmans_van_beuningen
museum_aan_de_stroom	museum_aan_de_stroom
belgian_comic_strip_center	belgian_comic_strip_center
kiasma	kiasma
doge's_palace	doge's_palace
ure_museum_of_greek_archaeology	ure_museum_of_greek_archaeology
natural_history_museum_rotterdam	natural_history_museum_rotterdam
amos_anderson_art_museum	amos_anderson_art_museum
galt_historic_railway_park	galt_historic_railway_park
chisenhale_gallery	chisenhale_gallery
crystal_bridges_museum_of_american_art	crystal_bridges_museum_of_american_art
sacramento_valley_museum	sacramento_valley_museum
savina_museum	savina_museum
onggi_folk_museum	onggi_folk_museum
calico_museum_of_textiles	calico_museum_of_textiles
vintage_motorcycle_museum_(chehalis,_washington)	vintage_motorcycle_museum_(chehalis,_washington)
kilby_provincial_park	kilby_provincial_park
winnipeg_railway_museum	winnipeg_railway_museum
heinz_history_center	heinz_history_center
ypsilanti_automotive_heritage_museum	ypsilanti_automotive_heritage_museum
aga_khan_museum	aga_khan_museum
bologna_museum_of_modern_art	bologna_museum_of_modern_art
marta_herford	marta_herford
independence_seaport_museum	independence_seaport_museum
ducati_museum	ducati_museum
bank_of_korea_museum	bank_of_korea_museum
south_peace_centennial_museum	south_peace_centennial_museum
jangsaengpo_whale_museum	jangsaengpo_whale_museum
midgley_museum	midgley_museum
charles_h._wright_museum_of_african_american_history	charles_h._wright_museum_of_african_american_history
shipley_art_gallery	shipley_art_gallery
galatasaray_museum	galatasaray_museum
moto_guzzi_museum	moto_guzzi_museum
canadian_museum_of_history	canadian_museum_of_history
old_melbourne_beach_town_hall	old_melbourne_beach_town_hall
national_gallery_of_indonesia	national_gallery_of_indonesia
beaumont_art_league	beaumont_art_league
istanbul_postal_museum	istanbul_postal_museum
ilmin_museum_of_art	ilmin_museum_of_art
arthur_child_heritage_museum_of_the_1000_islands	arthur_child_heritage_museum_of_the_1000_islands
aceh_tsunami_museum	aceh_tsunami_museum
orlando_museum_of_art	orlando_museum_of_art
museum_of_florida_history	museum_of_florida_history
national_folk_museum_of_korea	national_folk_museum_of_korea
museum_of_american_finance	museum_of_american_finance
military_sea_services_museum	military_sea_services_museum
museum_of_death	museum_of_death
jewish_museum_of_maryland	jewish_museum_of_maryland
creation_museum	creation_museum
hara_model_railway_museum	hara_model_railway_museum
istanbul_archaeology_museums	istanbul_archaeology_museums
laing_art_gallery	laing_art_gallery
netherlands_architecture_institute	netherlands_architecture_institute
museum_of_the_rockies	museum_of_the_rockies
monkwearmouth_station_museum	monkwearmouth_station_museum
sungkok_art_museum	sungkok_art_museum
trabzon_museum	trabzon_museum
moma_ps1	moma_ps1
tarquinia_national_museum	tarquinia_national_museum
presidents_park_(virginia)	presidents_park_(virginia)
bankfield_museum	bankfield_museum
fraeylemaborg	fraeylemaborg
harvard_art_museums	harvard_art_museums
lauba	lauba
potter's_wax_museum	potter's_wax_museum
fort_edmonton_park	fort_edmonton_park
immigration_museum,_melbourne	immigration_museum,_melbourne
bukchon_art_museum	bukchon_art_museum
honda_collection_hall	honda_collection_hall
birla_science_museum	birla_science_museum
culture_shed	culture_shed
wincanton_museum	wincanton_museum
churchill_war_rooms	churchill_war_rooms
jawahar_planetarium	jawahar_planetarium
mendel_art_gallery	mendel_art_gallery
alberta_aviation_museum	alberta_aviation_museum
meadows_museum	meadows_museum
shania_twain_centre	shania_twain_centre
indian_river_citrus_museum	indian_river_citrus_museum
new_orleans_museum_of_art	new_orleans_museum_of_art
national_constitution_center	national_constitution_center
polk_county_historical_museum_(florida)	polk_county_historical_museum_(florida)
canadian_automotive_museum	canadian_automotive_museum
fort_pitt_museum	fort_pitt_museum
new_walk_museum	new_walk_museum
