kitana_baker	kitana_baker
martin_lev	martin_lev
hugh_sinclair_(actor)	hugh_sinclair_(actor)
zhang_ziyi	zhang_ziyi
toshiya_ueda	toshiya_ueda
bruce_lee	bruce_lee
christopher_godwin	christopher_godwin
john_shrapnel	john_shrapnel
faith_brown	faith_brown
connie_chan	connie_chan
bobby_troup	bobby_troup
michael_miu	michael_miu
katie_gold	katie_gold
tania_russof	tania_russof
takaaki_ishibashi	takaaki_ishibashi
leanne_li	leanne_li
charlene_choi	charlene_choi
ulf_palme	ulf_palme
mc_jin	mc_jin
yvonne_yung	yvonne_yung
cate_harrington	cate_harrington
ku_feng	ku_feng
anita_yuen	anita_yuen
lo_wei	lo_wei
priscelia_chan	priscelia_chan
allan_bohlin	allan_bohlin
zhao_lirong	zhao_lirong
alf_kjellin	alf_kjellin
sharla_cheung	sharla_cheung
yutaka_matsushige	yutaka_matsushige
masato_yamanouchi	masato_yamanouchi
maria-elena_laas	maria-elena_laas
greg_centauro	greg_centauro
chang_chen	chang_chen
frankie_lam	frankie_lam
zak_spears	zak_spears
graeme_hawley	graeme_hawley
mika_tan	mika_tan
marc_pickering	marc_pickering
ann-marie_gyllenspetz	ann-marie_gyllenspetz
brett_mycles	brett_mycles
brandy_talore	brandy_talore
dany_robin	dany_robin
tori_black	tori_black
james_grout	james_grout
roxanne_blaze	roxanne_blaze
guy_marchand	guy_marchand
griffith_jones_(actor)	griffith_jones_(actor)
bobby_vitale	bobby_vitale
julia_ann	julia_ann
masanari_nihei	masanari_nihei
george_lam	george_lam
emi_kuroda	emi_kuroda
kanako_fukaura	kanako_fukaura
gilly_coman	gilly_coman
gustaf_molander	gustaf_molander
johan_rabaeus	johan_rabaeus
dagmar_ebbesen	dagmar_ebbesen
john_shum	john_shum
bramwell_fletcher	bramwell_fletcher
brooke_ashley	brooke_ashley
erica_fontes	erica_fontes
alex_etel	alex_etel
nicky_wu	nicky_wu
leah_luv	leah_luv
hotaru_akane	hotaru_akane
kurt_lockwood	kurt_lockwood
peter_tilbury	peter_tilbury
mike_he	mike_he
gracie_glam	gracie_glam
ekin_cheng	ekin_cheng
liu_xiao_ling_tong	liu_xiao_ling_tong
kent_riley	kent_riley
george_fant	george_fant
reiko_oshida	reiko_oshida
hikaru_koto	hikaru_koto
victor_travers	victor_travers
kristina_adolphson	kristina_adolphson
wallace_lupino	wallace_lupino
hu_jun	hu_jun
rosalind_ayres	rosalind_ayres
brigitte_lin	brigitte_lin
jack_purvis_(actor)	jack_purvis_(actor)
vanness_wu	vanness_wu
wong_tin-lam	wong_tin-lam
george_relph	george_relph
avy_scott	avy_scott
tericka_dye	tericka_dye
gene_gerrard	gene_gerrard
jonathan_linsley	jonathan_linsley
marilyn_chambers	marilyn_chambers
shauna_grant	shauna_grant
teruyuki_kagawa	teruyuki_kagawa
wiktor_andersson	wiktor_andersson
rachel_ashley	rachel_ashley
richard_ng	richard_ng
lam_ching-ying	lam_ching-ying
chie_sawaguchi	chie_sawaguchi
guillaume_gouix	guillaume_gouix
tony_leung_ka-fai	tony_leung_ka-fai
jessica_drake	jessica_drake
jessica_jaymes	jessica_jaymes
georgia_king	georgia_king
miki_sawaguchi	miki_sawaguchi
chan_shen	chan_shen
tawny_roberts	tawny_roberts
richard_bird_(actor)	richard_bird_(actor)
lally_bowers	lally_bowers
gail_sheridan	gail_sheridan
hyapatia_lee	hyapatia_lee
annie_cruz	annie_cruz
jakob_eklund	jakob_eklund
maria_kawamura	maria_kawamura
joan_chen	joan_chen
selina_jen	selina_jen
stefani_morgan	stefani_morgan
amy_ried	amy_ried
michael_lonsdale	michael_lonsdale
john_bentley_(actor)	john_bentley_(actor)
louise_frevert	louise_frevert
shane_diesel	shane_diesel
anthony_wong_(hong_kong_actor)	anthony_wong_(hong_kong_actor)
flora_finch	flora_finch
gaby_stenberg	gaby_stenberg
kimberly_kane	kimberly_kane
sam_bernard	sam_bernard
nikki_tyler	nikki_tyler
thomas_heathcote	thomas_heathcote
gong_qiuxia	gong_qiuxia
ken_lo	ken_lo
ruby_lin	ruby_lin
bibi_jones	bibi_jones
angelina_valentine	angelina_valentine
rick_pantera	rick_pantera
debi_sue_voorhees	debi_sue_voorhees
hilda_spong	hilda_spong
devinn_lane	devinn_lane
jeffrey_lau	jeffrey_lau
jessica_darlin	jessica_darlin
yoyo_mung	yoyo_mung
kate_baines	kate_baines
morton_selten	morton_selten
katie_rolfsen	katie_rolfsen
eloy_azorin	eloy_azorin
sven_lindberg	sven_lindberg
jamie_brooks_(actress)	jamie_brooks_(actress)
christina_schollin	christina_schollin
terry_walsh_(actor)	terry_walsh_(actor)
lea_de_mae	lea_de_mae
stephen_fung	stephen_fung
jana_jordan	jana_jordan
eileen_percy	eileen_percy
liza_wang	liza_wang
karin_schubert	karin_schubert
josephine_siao	josephine_siao
geoffrey_davies	geoffrey_davies
qi_yuwu	qi_yuwu
tomoko_tabata	tomoko_tabata
marcel_bozzuffi	marcel_bozzuffi
reiko_takashima	reiko_takashima
yuriko_ishida	yuriko_ishida
nina_li_(actress)	nina_li_(actress)
naemi_briese	naemi_briese
helen_haye	helen_haye
josette_simon	josette_simon
sosuke_ikematsu	sosuke_ikematsu
marjorie_rhodes	marjorie_rhodes
joey_stefano	joey_stefano
richard_cooper_(actor)	richard_cooper_(actor)
chloe_jones	chloe_jones
mirai_moriyama	mirai_moriyama
sture_ericson	sture_ericson
isao_yamagata	isao_yamagata
stormy_daniels	stormy_daniels
gertan_klauber	gertan_klauber
alan_tam	alan_tam
isao_kimura	isao_kimura
david_king-wood	david_king-wood
chieko_honda	chieko_honda
jesse_jane	jesse_jane
taylor_rain	taylor_rain
stanley_huang	stanley_huang
emi_wakui	emi_wakui
doris_svedlund	doris_svedlund
nana_yanagisawa	nana_yanagisawa
jacqueline_sassard	jacqueline_sassard
simone_griffeth	simone_griffeth
shu_qi	shu_qi
justine_joli	justine_joli
thom_barron	thom_barron
fuyumi_shiraishi	fuyumi_shiraishi
chyna	chyna
kenny_bee	kenny_bee
christy_canyon	christy_canyon
michelle_yeoh	michelle_yeoh
angela_summers	angela_summers
melvil_poupaud	melvil_poupaud
coralie_trinh_thi	coralie_trinh_thi
chen_bolin	bolin_chen
karen_lancaume	karen_lancaume
sif_ruud	sif_ruud
teresa_mo	teresa_mo
michael_brandon_(pornographic_actor)	michael_brandon_(pornographic_actor)
ayumi_ito	ayumi_ito
vince_vouyer	vince_vouyer
sally_yeh	sally_yeh
ron_jeremy	ron_jeremy
stacy_valentine	stacy_valentine
juli_ashton	juli_ashton
jimmy_lin	jimmy_lin
maria_antonietta_beluzzi	maria_antonietta_beluzzi
william_hung	william_hung
cat_simmons	cat_simmons
franklin_dyall	franklin_dyall
sinnamon_love	sinnamon_love
annalisa_ericson	annalisa_ericson
stephen_chow	stephen_chow
patricia_maynard	patricia_maynard
john_hollis	john_hollis
john_welsh_(actor)	john_welsh_(actor)
kenix_kwok	kenix_kwok
robin_byrd	robin_byrd
taylor_st._claire	taylor_st._claire
briana_blair	briana_blair
lilian_bond	lilian_bond
chikage_awashima	chikage_awashima
chung_king-fai	chung_king-fai
ginger_lynn	ginger_lynn
kenji_matsuda	kenji_matsuda
sydney_bromley	sydney_bromley
shingo_tsurumi	shingo_tsurumi
moana_pozzi	moana_pozzi
kaoru_shimamura	kaoru_shimamura
eitaro_ozawa	eitaro_ozawa
cassidey	cassidey
puma_swede	puma_swede
hiroshi_tsuburaya	hiroshi_tsuburaya
david_gooderson	david_gooderson
isabel_ice	isabel_ice
david_dencik	david_dencik
mathilde_seigner	mathilde_seigner
candy_samples	candy_samples
mickey_g.	mickey_g.
steve_railsback	steve_railsback
mai_hoshikawa	mai_hoshikawa
paulina_james	paulina_james
lynn_lemay	lynn_lemay
madeleine_renaud	madeleine_renaud
cara_lott	cara_lott
beatrice_hsu	beatrice_hsu
ariel_lin	ariel_lin
blake_harper	blake_harper
chor_yuen	chor_yuen
bionca	bionca
takako_tokiwa	takako_tokiwa
tania_mallet	tania_mallet
arletta_duncan	arletta_duncan
kobe_tai	kobe_tai
junko_miyashita	junko_miyashita
huang_shengyi	huang_shengyi
yuen_biao	yuen_biao
audrey_hollander	audrey_hollander
ayako_wakao	ayako_wakao
jacquie_lyn	jacquie_lyn
mieko_harada	mieko_harada
kayden_kross	kayden_kross
ittoku_kishibe	ittoku_kishibe
arata_iura	arata_iura
akiji_kobayashi	akiji_kobayashi
wong_cho-lam	wong_cho-lam
danny_green_(actor)	danny_green_(actor)
karl_erik_flens	karl_erik_flens
brandy_alexandre	brandy_alexandre
arthur_malet	arthur_malet
jordan_metcalfe	jordan_metcalfe
monica_mayhem	monica_mayhem
fernand_charpin	marcel_maupi
c.v._france	c.v._france
neville_smith_(actor)	neville_smith
keiko_kishi	keiko_kishi
sunrise_adams	sunrise_adams
colton_ford	colton_ford
jacky_cheung	jacky_cheung
mckenzie_lee	mckenzie_lee
sybil_arundale	sybil_arundale
richard_ainley	richard_ainley
aya_sugimoto	aya_sugimoto
anders_ek	anders_ek
marco_banderas	marco_banderas
herschel_savage	herschel_savage
ha_yu_(actor)	ha_yu_(actor)
yoshiko_kuga	yoshiko_kuga
suzy_mandel	suzy_mandel
dicky_cheung	dicky_cheung
edison_chen	edison_chen
tristan_kingsley	tristan_kingsley
hu_ge	hu_ge_(actor)
chen_daoming	chen_daoming
chen_yunshang	chen_yunshang
brenda_vaccaro	brenda_vaccaro
donnie_yen	donnie_yen
giani_esposito	giani_esposito
martin_ljung	martin_ljung
daniela_amavia	daniela_amavia
hou_yaowen	hou_yaowen
tomio_aoki	tomio_aoki
li_xiaolu	li_xiaolu
josephine_alhanko	josephine_alhanko
anne_crawford	anne_crawford
gudrun_brost	gudrun_brost
jennifer_metcalfe	jennifer_metcalfe
keri_windsor	keri_windsor
fritha_goodey	fritha_goodey
john_light_(actor)	john_light_(actor)
jack_wrangler	jack_wrangler
georg_rydeberg	georg_rydeberg
rayson_tan	rayson_tan
erik_rhodes_(pornographic_actor)	erik_rhodes_(pornographic_actor)
gillian_chung	gillian_chung
tsui_hark	tsui_hark
isabelle_amyes	isabelle_amyes
adam_cheng	adam_cheng
hiroyuki_miyasako	hiroyuki_miyasako
michiko_maeda	michiko_maeda
ranko_hanai	ranko_hanai
nina_hartley	nina_hartley
frida_hallgren	frida_hallgren
muriel_frances_dana	muriel_frances_dana
inga_gill	inga_gill
albert_dupontel	albert_dupontel
rainie_yang	rainie_yang
nils_hallberg	nils_hallberg
kazusa_murai	kazusa_murai
ai_maeda_(voice_actress)	ai_maeda_(voice_actress)
david_gale_(actor)	david_gale_(actor)
hong_huifang	hong_huifang
maho_toyota	maho_toyota
dorris_bowdon	dorris_bowdon
kristina_rose	kristina_rose
adam_campbell_(actor)	adam_campbell_(actor)
vincent_kok	vincent_kok
alec_su	alec_su
bernard_blier	bernard_blier
lou_gish	lou_gish
jasmine_byrne	jasmine_byrne
katja_kassin	katja_kassin
billy_chow	billy_chow
zeb_atlas	zeb_atlas
ian_kelsey	ian_kelsey
roy_stewart	roy_stewart
winnie_lau	winnie_lau
susan_stephen	susan_stephen
george_a._cooper	george_a._cooper
noriko_sengoku	noriko_sengoku
pauline_chan_bo-lin	pauline_chan_bo-lin
valen_hsu	valen_hsu
anand_rajaram	anand_rajaram
miyuki_ueda	miyuki_ueda
chris_jury	chris_jury
philippe_nahon	philippe_nahon
chisato_morishita	chisato_morishita
power_chan	power_chan
david_lloyd_meredith	david_lloyd_meredith
charlie_hall_(actor)	charlie_hall_(actor)
sven-eric_gamble	sven-eric_gamble
bolo_yeung	bolo_yeung
cathryn_harrison	cathryn_harrison
gong_li	gong_li
william_austin_(actor)	william_austin_(actor)
kanako_mitsuhashi	kanako_mitsuhashi
eleanor_summerfield	eleanor_summerfield
eleanor_summerfield	leonard_sachs
william_marlowe	william_marlowe
holly_one	holly_one
michiyo_okusu	michiyo_okusu
sami_frey	sami_frey
john_nettleton_(actor)	john_nettleton_(actor)
josie_ho	josie_ho
candy_apples	candy_apples
masahiro_usui	masahiro_usui
gianna_michaels	gianna_michaels
grace_chang	grace_chang
annie_sprinkle	annie_sprinkle
julie_night	julie_night
declan_mulholland	declan_mulholland
toivo_pawlo	toivo_pawlo
aaron_kwok	aaron_kwok
saori_hara	saori_hara
roman_heart	roman_heart
mami_yamasaki	mami_yamasaki
fan_bingbing	fan_bingbing
ingrid_backlin	ingrid_backlin
daniel_emilfork	daniel_emilfork
tanya_tate	tanya_tate
nicholas_tse	nicholas_tse
tiana_lynn	tiana_lynn
nao_saejima	nao_saejima
princess_donna	princess_donna
paul_chung	paul_chung
poppy_morgan	poppy_morgan
kunihiko_yasui	kunihiko_yasui
marianne_aminoff	marianne_aminoff
yoko_shimada	yoko_shimada
tomiko_ishii	tomiko_ishii
takeshi_kaneshiro	takeshi_kaneshiro
frances_white	frances_white
matthew_marsh_(actor)	matthew_marsh_(actor)
wilson_yip	wilson_yip
blake_riley	blake_riley
sayuri_yamauchi	sayuri_yamauchi
patricia_brake	patricia_brake
stig_olin	stig_olin
alain_cuny	alain_cuny
michelle_bauer	michelle_bauer
lena_bergman	lena_bergman
yumika_hayashi	yumika_hayashi
brandi_love	brandi_love
bunny_luv	bunny_luv
michael_graham_cox	michael_graham_cox
jenny_tomasin	jenny_tomasin
kristy_yang	kristy_yang
hollie-jay_bowes	hollie-jay_bowes
birger_malmsten	birger_malmsten
douglas_seale	douglas_seale
wendy_whoppers	wendy_whoppers
andy_hui	andy_hui
johnny_hazzard	johnny_hazzard
don_knight_(actor)	don_knight_(actor)
rikiya_otaka	rikiya_otaka
mandy_chiang	mandy_chiang
chris_perry-metcalf	chris_perry-metcalf
lu_yi_(actor)	lu_yi_(actor)
ravi_kapoor	ravi_kapoor
bengt_ekerot	bengt_ekerot
mary_forbes	mary_forbes
james_deen	james_deen
seiichi_tanabe	seiichi_tanabe
sissela_kyle	sissela_kyle
charlene_tse	charlene_tse
kjeld_gogosha-clark	kjeld_gogosha-clark
taylor_vixen	taylor_vixen
keiko_toda	keiko_toda
keri_sable	keri_sable
lisa_lu	lisa_lu
naomi_tani	naomi_tani
leon_lai	leon_lai
eiko_masuyama	eiko_masuyama
cherie_chung	cherie_chung
sture_lagerwall	sture_lagerwall
alec_b._francis	alec_b._francis
ronald_cheng	ronald_cheng
ryo_kase	ryo_kase
marta_romero	marta_romero
vanessa_del_rio	vanessa_del_rio
susan_shaw	susan_shaw
mary_kerridge	mary_kerridge
mario_montez	mario_montez
sandy_lam	sandy_lam
ben_warriss	ben_warriss
lezley_zen	lezley_zen
hampe_faustman	hampe_faustman
india_summer	india_summer
james_wong_(lyricist)	james_wong_(lyricist)
chow_yun-fat	chow_yun-fat
elvis_tsui	elvis_tsui
keve_hjelm	keve_hjelm
nanako_matsushima	nanako_matsushima
faye_wong	faye_wong
karen_mok	karen_mok
reine_brynolfsson	reine_brynolfsson
janet_dibley	janet_dibley
andy_san_dimas	andy_san_dimas
scott_nails	scott_nails
anita_mui	anita_mui
william_snape	william_snape
roger_kwok	roger_kwok
roberto_malone	roberto_malone
adolf_jahr	adolf_jahr
bak_sheut-sin	bak_sheut-sin
sarah-jane_potts	sarah-jane_potts
nozomi_momoi	nozomi_momoi
kayo_matsuo	kayo_matsuo
jam_hsiao	jam_hsiao
yuriko_yamaguchi_(voice_actress)	yuriko_yamaguchi_(voice_actress)
roger_blin	roger_blin
misty_dawn	misty_dawn
carter_stevens	carter_stevens
jean_desailly	jean_desailly
kira_kener	kira_kener
christi_lake	christi_lake
fridolf_rhudin	fridolf_rhudin
roddy_maude-roxby	roddy_maude-roxby
stella_farentino	stella_farentino
shelagh_fraser	shelagh_fraser
rene_bond	rene_bond
andy_on	andy_on
alan_tang	alan_tang
kaori_(voice_actress)	kaori_(voice_actress)
dong_jie	dong_jie
keith_pyott	keith_pyott
jay_chou	jay_chou
dan_ekborg	dan_ekborg
paul_sorensen	paul_sorensen
esther_sandoval	esther_sandoval
buck_adams	buck_adams
tera_patrick	tera_patrick
kristara_barrington	kristara_barrington
loretta_yang	loretta_yang
maggie_cheung	maggie_cheung
kanako_sakai	kanako_sakai
david_horovitch	david_horovitch
kwan_tak-hing	kwan_tak-hing
yoshino_kimura	yoshino_kimura
daphne_heard	daphne_heard
brooke_ballentyne	brooke_ballentyne
juliet_anderson	juliet_anderson
eiko_koike	eiko_koike
alana_evans	alana_evans
hiroko_mita	hiroko_mita
natalis_chan	natalis_chan
barry_howard	barry_howard
sophia_rossi	sophia_rossi
aria_giovanni	aria_giovanni
lyrian	lyrian
peter_bull	peter_bull
georg_funkquist	georg_funkquist
wong_li-lin	wong_li-lin
andreas_wilson	andreas_wilson
karen_mayo-chandler	karen_mayo-chandler
lymari_nadal	lymari_nadal
rumiko_ukai	rumiko_ukai
jamie_gillis	jamie_gillis
vivian_wu	vivian_wu
andy_lau	andy_lau
ben_webster_(actor)	ben_webster_(actor)
lillian_zuckerman	lillian_zuckerman
tomohiro_kaku	tomohiro_kaku
naho_toda	naho_toda
aden_gillett	aden_gillett
miki_mizuasa	miki_mizuasa
wu_ma	wu_ma
vincent_lindon	vincent_lindon
nick_cheung	nick_cheung
athena_chu	athena_chu
anna-lisa_baude	anna-lisa_baude
roy_chiao	roy_chiao
anders_henrikson	anders_henrikson
karena_lam	karena_lam
charlton_heston	charlton_heston
yuko_kobayashi	yuko_kobayashi
barbara_yung	barbara_yung
kelly_madison	kelly_madison
brianna_love	brianna_love
kevin_cheng	kevin_cheng
camilla_sparv	camilla_sparv
yam_kim-fai	yam_kim-fai
zabou_breitman	isabelle_breitman
cherrie_ying	cherrie_ying
ng_man-tat	ng_man-tat
anna_palk	anna_palk
noel_coleman	noel_coleman
mimi_nelson	mimi_nelson
terence_longdon	terence_longdon
mew_azama	mew_azama
sandrine_kiberlain	sandrine_kiberlain
richard_lund	richard_lund
ryan_idol	ryan_idol
david_buck	david_buck
vidkid_timo	vidkid_timo
mona_malm	mona_malm
penelope_dudley-ward	penelope_dudley-ward
david_gwillim	david_gwillim
ken_mitsuda	ken_mitsuda
rosie_day	rosie_day
graham_pountney	graham_pountney
chingmy_yau	chingmy_yau
betty_lawford	betty_lawford
maggie_lau	maggie_lau
zheng_geping	zheng_geping
charlie_young_(actress)	charlie_young_(actress)
yasuhisa_furuhara	yasuhisa_furuhara
cyril_luckham	cyril_luckham
sandra_ng	sandra_ng
madison_stone	madison_stone
bai_ling	bai_ling
pierre_boulanger	pierre_boulanger
lau_kar-leung	lau_kar-leung
guo_tao_(actor)	guo_tao_(actor)
wakana_yamazaki	wakana_yamazaki
eri_kikuchi	eri_kikuchi
aubrey_mather	aubrey_mather
eric_christmas	eric_christmas
xavier_saint-macary	xavier_saint-macary
sydnee_steele	sydnee_steele
john_moulder-brown	john_moulder-brown
sammo_hung	sammo_hung
harry_locke	harry_locke
birgitta_valberg	birgitta_valberg
kazuo_hasegawa	kazuo_hasegawa
hugh_burden	hugh_burden
chapman_to	chapman_to
brenda_de_banzie	brenda_de_banzie
clive_morton	clive_morton
yoyo_chen	yoyo_chen
raven_riley	raven_riley
leslie_cheung	leslie_cheung
kaitlyn_ashley	kaitlyn_ashley
jiro_wang	jiro_wang
rebecca_lord	rebecca_lord
fubuki_takane	fubuki_takane
candy_lo	candy_lo
thomas_jouannet	thomas_jouannet
renji_ishibashi	renji_ishibashi
stan_shaw	stan_shaw
ricky_hui	ricky_hui
keith_drinkel	keith_drinkel
carina_lau	carina_lau
enid_stamp_taylor	enid_stamp_taylor
flower_tucci	flower_tucci
moses_chan	moses_chan
teresa_cheung_(actress)	teresa_cheung_(actress)
chiara_mastroianni	chiara_mastroianni
seiji_miyaguchi	seiji_miyaguchi
barry_wong	barry_wong
kaylynn	kaylynn
alektra_blue	alektra_blue
john_j._carney	john_j._carney
aurora_snow	aurora_snow
katsunosuke_hori	katsunosuke_hori
bobbi_eden	bobbi_eden
pu_cunxin	pu_cunxin
eiji_kanie	eiji_kanie
steven_o'donnell_(actor)	steven_o'donnell_(actor)
angela_tong	angela_tong
barry_mackay_(actor)	barry_mackay_(actor)
nozomu_sasaki	nozomu_sasaki
siqin_gaowa	siqin_gaowa
eva_angelina	eva_angelina
brian_nissen	brian_nissen
rosamund_kwan	rosamund_kwan
walter_fitzgerald	walter_fitzgerald
ayumi_shigemori	ayumi_shigemori
asami_kai	asami_kai
ulla_jacobsson	ulla_jacobsson
satomi_kobayashi	satomi_kobayashi
huang_yi_(actress)	huang_yi_(actress)
wallace_huo	wallace_huo
eric_tsang	eric_tsang
vivian_hsu	vivian_hsu
edward_atterton	edward_atterton
alex_fletcher_(actress)	alex_fletcher_(actress)
ady_an	ady_an
annu_mari	annu_mari
lena_nyman	lena_nyman
bengt_djurberg	bengt_djurberg
louisa_moritz	louisa_moritz
paula_shaw	paula_shaw
huang_yiliang	huang_yiliang
megumi_okina	megumi_okina
tony_tedeschi	tony_tedeschi
gerd_andersson	gerd_andersson
melissa_harrington	melissa_harrington
guy_bedos	guy_bedos
faith_brook	faith_brook
arpad_miklos	arpad_miklos
mai_lin	mai_lin
lacie_heart	lacie_heart
shinobu_otake	shinobu_otake
yuki_ninagawa	yuki_ninagawa
hisaya_morishige	hisaya_morishige
georgina_spelvin	georgina_spelvin
anna_malle	anna_malle
julia_dietze	julia_dietze
richard_caldicot	richard_caldicot
jackie_chan	jackie_chan
su_elliot	su_elliot
clare-hope_ashitey	clare-hope_ashitey
yumi_takada	yumi_takada
tabatha_cash	tabatha_cash
li_lili	li_lili
bruce_lee	bruce_lee
grace_kirby	grace_kirby
harry_fielder	harry_fielder
connie_chan	connie_chan
michael_miu	michael_miu
leanne_li	leanne_li
dylan_kuo	dylan_kuo
ulf_palme	ulf_palme
shauna_o'brien	shauna_o'brien
feng_gong	feng_gong
hiroyuki_onoue	hiroyuki_onoue
alice_tzeng	alice_tzeng
he_saifei	he_saifei
anna_calder-marshall	anna_calder-marshall
nikolai_kinski	nikolai_kinski
min_tanaka	min_tanaka
yutaka_matsushige	yutaka_matsushige
masato_yamanouchi	masato_yamanouchi
chang_chen	chang_chen
ann-marie_gyllenspetz	ann-marie_gyllenspetz
brett_mycles	brett_mycles
brandy_talore	brandy_talore
rio_mariah	rio_mariah
daniel_duval	daniel_duval
griffith_jones_(actor)	griffith_jones_(actor)
eriko_watanabe	eriko_watanabe
danny_lopes	danny_lopes
gilly_coman	gilly_coman
john_shum	john_shum
dagmar_ebbesen	dagmar_ebbesen
waise_lee	waise_lee
brooke_ashley	brooke_ashley
stephy_tang	stephy_tang
olivia_o'lovely	olivia_o'lovely
hotaru_akane	hotaru_akane
kurt_lockwood	kurt_lockwood
norman_wooland	norman_wooland
marika_green	marika_green
chad_hunt	chad_hunt
terence_cooper	terence_cooper
daniel_wu	daniel_wu
kent_riley	kent_riley
sammul_chan	sammul_chan
emily_chu	emily_chu
selena_li	selena_li
hikaru_koto	hikaru_koto
daisy_beaumont	daisy_beaumont
tina_tyler	tina_tyler
nikki_dial	nikki_dial
philip_latham	philip_latham
ulf_johanson	ulf_johanson
lee_kang-sheng	lee_kang-sheng
he_meitian	he_meitian
shauna_grant	shauna_grant
dolly_golden	dolly_golden
lam_ching-ying	lam_ching-ying
pierre_fitch	pierre_fitch
bernard_campan	bernard_campan
georgia_king	georgia_king
mark_chao	mark_chao
azumi_kawashima	azumi_kawashima
miho_fujima	miho_fujima
joan_chen	joan_chen
jakob_eklund	jakob_eklund
annie_cruz	annie_cruz
selina_jen	selina_jen
inday_ba	inday_ba
germaine_michel	germaine_michel
ashley_blue	ashley_blue
anthony_oliver	anthony_oliver
tony_liu	tony_liu
liliane_nemri	liliane_nemri
cedric_smith_(actor)	cedric_smith_(actor)
jeff_palmer	jeff_palmer
jenna_haze	jenna_haze
ken_lo	ken_lo
keiko_takeshita	keiko_takeshita
megan_zheng	megan_zheng
terry_scully	terry_scully
devinn_lane	devinn_lane
harold_warrender	harold_warrender
jessica_darlin	jessica_darlin
stina_ekblad	stina_ekblad
morton_selten	morton_selten
zhao_tao	zhao_tao
damien_crosse	damien_crosse
william_margold	william_margold
alexis_dubus	alexis_dubus
natalie_tong	natalie_tong
geoffrey_davies	geoffrey_davies
marcel_bozzuffi	marcel_bozzuffi
tina_russell	tina_russell
nina_li_(actress)	nina_li_(actress)
angel_dark	angel_dark
richard_cooper_(actor)	richard_cooper_(actor)
joey_stefano	joey_stefano
nicholas_phipps	nicholas_phipps
zhou_jie	zhou_jie
sacha_alexander	sacha_alexander
roman_tam	roman_tam
cora_miao	cora_miao
alan_tam	alan_tam
isao_kimura	isao_kimura
kandi_barbour	kandi_barbour
emi_wakui	emi_wakui
doris_svedlund	doris_svedlund
keni_styles	keni_styles
nana_yanagisawa	nana_yanagisawa
amanda_fahy	amanda_fahy
dudley_foster	dudley_foster
justine_joli	justine_joli
thom_barron	thom_barron
fuyumi_shiraishi	fuyumi_shiraishi
michelle_yeoh	michelle_yeoh
coralie_trinh_thi	coralie_trinh_thi
kay_parker	kay_parker
karen_lancaume	karen_lancaume
jenny_funnell	jenny_funnell
arthur_margetson	arthur_margetson
joseph_tremain	joseph_tremain
kiki_sheung	kiki_sheung
alina_plugaru	alina_plugaru
dayo_wong	dayo_wong
clara_morgane	clara_morgane
marina_kuroki	marina_kuroki
charlie_laine	charlie_laine
jimmy_lin	jimmy_lin
cat_simmons	cat_simmons
kunie_tanaka	kunie_tanaka
ernst_eklund_(actor)	ernst_eklund_(actor)
david_oxley	david_oxley
stephen_chow	stephen_chow
lisa_ann	lisa_ann
prudence_liew	prudence_liew
mimi_lo	mimi_lo
briana_blair	briana_blair
melissa_hill	melissa_hill
vincent_zhao	vincent_zhao
sonija_kwok	sonija_kwok
sydney_bromley	sydney_bromley
christopher_doyle	christopher_doyle
patrick_chesnais	patrick_chesnais
cassidey	cassidey
eitaro_ozawa	eitaro_ozawa
molly_peters	molly_peters
takashi_aoyagi	takashi_aoyagi
mickey_g.	mickey_g.
kitty_foxx	kitty_foxx
sonia_holm	sonia_holm
jesse_capelli	jesse_capelli
gia_paloma	gia_paloma
henry_bergman	henry_bergman
chor_yuen	chor_yuen
rena_tanaka	rena_tanaka
clifford_mollison	clifford_mollison
takako_tokiwa	takako_tokiwa
kelly_chen	kelly_chen
tania_mallet	tania_mallet
gao_yuanyuan	gao_yuanyuan
jean-louis_richard	jean-louis_richard
arletta_duncan	arletta_duncan
sarah_patterson	sarah_patterson
jacquie_lyn	jacquie_lyn
mieko_harada	mieko_harada
judith_baldwin	judith_baldwin
jennifer_daniel	jennifer_daniel
marcia_warren	marcia_warren
fernand_charpin	fernand_charpin
ulla_akselson	ulla_akselson
c.v._france	c.v._france
vanessa_demouy	vanessa_demouy
keiko_kishi	keiko_kishi
sunrise_adams	sunrise_adams
felicia_chin	felicia_chin
zhang_hanyu	zhang_hanyu
sybil_arundale	sybil_arundale
xu_jinglei	xu_jinglei
joanne_peh	joanne_peh
race_wong	race_wong
kika_markham	kika_markham
dicky_cheung	dicky_cheung
noriko_tatsumi	noriko_tatsumi
brittney_skye	brittney_skye
daniela_amavia	daniela_amavia
kit_chan	kit_chan
uschi_digard	uschi_digard
hou_yaowen	hou_yaowen
josephine_alhanko	josephine_alhanko
allan_wu	allan_wu
anne_crawford	anne_crawford
linda_lovelace	linda_lovelace
jennifer_metcalfe	jennifer_metcalfe
hiromi_nagasaku	hiromi_nagasaku
keri_windsor	keri_windsor
jack_wrangler	jack_wrangler
marcel_vibert	marcel_vibert
rayson_tan	rayson_tan
zena_marshall	zena_marshall
hikari_ishida	hikari_ishida
sylvia_chang	sylvia_chang
hiroyuki_miyasako	hiroyuki_miyasako
melissa_lauren	melissa_lauren
terence_siufay	terence_siufay
nina_hartley	nina_hartley
frida_hallgren	frida_hallgren
inga_gill	inga_gill
charles_lloyd-pack	charles_lloyd-pack
francesco_malcom	francesco_malcom
maho_toyota	maho_toyota
misa_watanabe	misa_watanabe
yang_mi	yang_mi
billy_chow	billy_chow
tag_adams	tag_adams
michelle_ye	michelle_ye
justin_deas	justin_deas
akira_emoto	akira_emoto
sakurako_kaoru	sakurako_kaoru
philippe_nahon	philippe_nahon
tsunehiko_watase	tsunehiko_watase
ann_casson	ann_casson
ella_koon	ella_koon
carrie_ng	carrie_ng
cathryn_harrison	cathryn_harrison
matt_chow	matt_chow
steve_shaw_(actor)	steve_shaw_(actor)
vivian_schmitt	vivian_schmitt
hanna_hilton	hanna_hilton
hinako_saeki	hinako_saeki
cindy_margolis	cindy_margolis
chems_dahmani	chems_dahmani
michiyo_okusu	michiyo_okusu
michaela_schaffrath	michaela_schaffrath
skye_bennett	skye_bennett
fumie_kashiyama	fumie_kashiyama
declan_mulholland	declan_mulholland
saori_hara	saori_hara
tiffany_mynx	tiffany_mynx
aaron_kwok	aaron_kwok
melissa_ng	melissa_ng
nicholas_tse	nicholas_tse
eric_stryker	eric_stryker
poppy_morgan	poppy_morgan
yu_lan	yu_lan
miki_yeung	miki_yeung
wilson_yip	wilson_yip
stig_olin	stig_olin
jade_seah	jade_seah
michelle_bauer	michelle_bauer
wang_baoqiang	wang_baoqiang
lena_bergman	lena_bergman
tatum_reed	tatum_reed
wendy_whoppers	wendy_whoppers
joyce_cheng	joyce_cheng
kristal_tin	kristal_tin
jana_carpenter	jana_carpenter
ravi_kapoor	ravi_kapoor
taeko_nakanishi	taeko_nakanishi
yu_rongguang	yu_rongguang
mikie_hara	mikie_hara
naomi_tani	naomi_tani
sarah_kazemy	sarah_kazemy
henri_attal	henri_attal
eiko_masuyama	eiko_masuyama
claude_gensac	claude_gensac
ronald_cheng	ronald_cheng
susan_shaw	susan_shaw
kang_cheng_xi	kang_cheng_xi
sandy_lam	sandy_lam
ben_warriss	ben_warriss
alfred_hickman	alfred_hickman
james_wong_(lyricist)	james_wong_(lyricist)
kenji_ebisawa	kenji_ebisawa
erica_campbell	erica_campbell
eve_angel	eve_angel
jun_fubuki	jun_fubuki
keve_hjelm	keve_hjelm
jean_heywood	jean_heywood
nozomi_momoi	nozomi_momoi
yammie_lam	yammie_lam
kirsten_cooke	kirsten_cooke
jam_hsiao	jam_hsiao
madoka_ozawa	madoka_ozawa
suki_chui	suki_chui
kumiko_aso	kumiko_aso
misty_dawn	misty_dawn
jean_desailly	jean_desailly
stirling_gallacher	stirling_gallacher
fridolf_rhudin	fridolf_rhudin
bao_guo'an	bao_guo'an
stella_farentino	stella_farentino
reon_kadena	reon_kadena
dong_jie	dong_jie
daphne_heard	daphne_heard
eiko_koike	eiko_koike
jennifer_rhodes	jennifer_rhodes
valda_setterfield	valda_setterfield
aria_giovanni	aria_giovanni
peter_bull	peter_bull
sophia_rossi	sophia_rossi
chen_zhihui	chen_zhihui
ruthie_henshall	ruthie_henshall
wolf_hudson	wolf_hudson
nicola_cheung	nicola_cheung
lawrence_chou	lawrence_chou
michael_lucas_(director)	michael_lucas_(director)
eiji_okuda	eiji_okuda
zhang_yimou	zhang_yimou
jamie_gillis	jamie_gillis
takayuki_yamada	takayuki_yamada
dana_dearmond	dana_dearmond
andy_lau	andy_lau
genie_chuo	genie_chuo
theresa_fu	theresa_fu
jewel_de'nyle	jewel_de'nyle
nick_cheung	nick_cheung
anna-lisa_baude	anna-lisa_baude
richard_mayes	richard_mayes
karena_lam	karena_lam
ava_vincent	ava_vincent
john_garrick	john_garrick
jennifer_luv	jennifer_luv
barbara_yung	barbara_yung
max_mok	max_mok
serena_gordon	serena_gordon
john_hewer	john_hewer
cherrie_ying	cherrie_ying
mitsuki_tanimura	mitsuki_tanimura
mimi_nelson	mimi_nelson
sandrine_kiberlain	sandrine_kiberlain
david_buck	david_buck
marcelle_chantal	marcelle_chantal
chris_tranchell	chris_tranchell
walter_hudd	walter_hudd
vidkid_timo	vidkid_timo
jiang_wu	jiang_wu
ted_thin_elk	ted_thin_elk
bruce_le	bruce_le
kathy_chow	kathy_chow
ken_mitsuda	ken_mitsuda
cyril_luckham	cyril_luckham
kayoko_kishimoto	kayoko_kishimoto
eric_barclay	eric_barclay
madison_stone	madison_stone
jon_dough	jon_dough
bree_olson	bree_olson
paul_bazely	paul_bazely
felix_wong	felix_wong
sydnee_steele	sydnee_steele
sune_mangs	sune_mangs
birgitta_valberg	birgitta_valberg
chapman_to	chapman_to
maud_forget	maud_forget
lexi_belle	lexi_belle
coco_lee	coco_lee
kaitlyn_ashley	kaitlyn_ashley
flower_tucci	flower_tucci
shinsuke_ashida	shinsuke_ashida
moses_chan	moses_chan
moya_brady	moya_brady
bobby_au-yeung	bobby_au-yeung
kaylynn	kaylynn
cecilia_cheung	cecilia_cheung
mayumi_ogawa	mayumi_ogawa
jenna_presley	jenna_presley
nicola_reynolds	nicola_reynolds
chen_hong_(actress)	chen_hong_(actress)
hilary_pritchard	hilary_pritchard
john_seeman	john_seeman
pu_cunxin	pu_cunxin
eiji_kanie	eiji_kanie
a.b._imeson	a.b._imeson
leslie_graves	leslie_graves
rosamund_kwan	rosamund_kwan
mayumi_asano	mayumi_asano
satomi_kobayashi	satomi_kobayashi
ulla_jacobsson	ulla_jacobsson
linda_hardy	linda_hardy
wallace_huo	wallace_huo
gloria_leonard	gloria_leonard
nancy_wu	nancy_wu
lena_nitro	lena_nitro
brian_miller_(actor)	brian_miller_(actor)
vivian_hsu	vivian_hsu
henry_saari	henry_saari
pan_lingling	pan_lingling
zhu_xu	zhu_xu
bengt_djurberg	bengt_djurberg
paula_shaw	paula_shaw
jada_fire	jada_fire
michelle_thorne	michelle_thorne
faith_brook	faith_brook
mya_diamond	mya_diamond
nadia_styles	nadia_styles
lacie_heart	lacie_heart
yuki_ninagawa	yuki_ninagawa
jeremy_brock	jeremy_brock
anna_malle	anna_malle
britt_morgan	britt_morgan
shinichi_tsutsumi	shinichi_tsutsumi
yumi_shirakawa	yumi_shirakawa
nicholas_teo	nicholas_teo
jimmy_aubrey	jimmy_aubrey
chui_tien-you	chui_tien-you
hugh_sinclair_(actor)	hugh_sinclair_(actor)
bobby_troup	bobby_troup
belinda_hamnett	belinda_hamnett
paw_hee-ching	paw_hee-ching
tania_russof	tania_russof
hidetaka_yoshioka	hidetaka_yoshioka
mc_jin	mc_jin
lela_star	lela_star
han_geng	han_geng
cate_harrington	cate_harrington
ku_feng	ku_feng
anita_yuen	anita_yuen
lo_wei	lo_wei
allan_bohlin	allan_bohlin
zelah_clarke	zelah_clarke
lydia_shum	lydia_shum
flex-deon_blake	flex-deon_blake
lacy_rose	lacy_rose
zak_spears	zak_spears
amguulan	amguulan
justin_slayer	justin_slayer
mika_tan	mika_tan
mirai_shida	mirai_shida
siu_yam-yam	siu_yam-yam
bradford_thomas_wagner	bradford_thomas_wagner
julia_ann	julia_ann
arthur_bostrom	arthur_bostrom
kanako_fukaura	kanako_fukaura
alice_connor	alice_connor
jenny_platt	jenny_platt
johan_rabaeus	johan_rabaeus
yuen_wah	yuen_wah
erica_fontes	erica_fontes
sia_berkeley	sia_berkeley
miki_mizuno	miki_mizuno
jet_li	jet_li
ovidie	ovidie
birgit_tengroth	birgit_tengroth
cj_gibson	cj_gibson
jj_jia	jj_jia
mike_he	mike_he
kaho_minami	kaho_minami
maria_cordero	maria_cordero
ekin_cheng	ekin_cheng
fann_wong	fann_wong
george_fant	george_fant
michael_stefano	michael_stefano
tyra_misoux	tyra_misoux
alexis_fire	alexis_fire
julia_foster	julia_foster
selena_steele	selena_steele
vanness_wu	vanness_wu
avy_scott	avy_scott
tatsuya_fuji	tatsuya_fuji
deep_ng	deep_ng
jonathan_linsley	jonathan_linsley
rachel_ashley	rachel_ashley
kikko_matsuoka	kikko_matsuoka
nick_manning	nick_manning
sasha_grey	sasha_grey
jamie_borthwick	jamie_borthwick
eiko_ando	eiko_ando
lung_fong	lung_fong
katherine_locke	katherine_locke
saki_seto	saki_seto
gail_sheridan	gail_sheridan
samuel_le_bihan	samuel_le_bihan
maria_kawamura	maria_kawamura
nobuko_miyamoto	nobuko_miyamoto
li_bingbing	li_bingbing
amy_ried	amy_ried
elaine_yiu	elaine_yiu
ray_lui	ray_lui
claudia_claire	claudia_claire
gong_qiuxia	gong_qiuxia
lee_siu-kei	lee_siu-kei
angelina_valentine	angelina_valentine
dany_verissimo	dany_verissimo
jeffrey_lau	jeffrey_lau
ruby_wong	ruby_wong
shirley_kwan	shirley_kwan
anna_cropper	anna_cropper
hitomi_kuroki	hitomi_kuroki
kate_baines	kate_baines
jonas_karlsson	jonas_karlsson
katie_rolfsen	katie_rolfsen
bobby_hollander	bobby_hollander
sven_lindberg	sven_lindberg
laura_smet	laura_smet
minoru_yada	minoru_yada
jana_jordan	jana_jordan
stephen_fung	stephen_fung
karin_schubert	karin_schubert
teddy_robin	teddy_robin
miho_maeshima	miho_maeshima
tomoko_tabata	tomoko_tabata
dyanna_lauren	dyanna_lauren
jeannie_pepper	jeannie_pepper
reiko_takashima	reiko_takashima
naemi_briese	naemi_briese
helen_haye	helen_haye
taka_kato	taka_kato
kumiko_akiyoshi	kumiko_akiyoshi
marjorie_rhodes	marjorie_rhodes
teagan_presley	teagan_presley
stormy_daniels	stormy_daniels
holly_sampson	holly_sampson
chen_sicheng	chen_sicheng
estelle_skornik	estelle_skornik
rikard_wolff	rikard_wolff
chyna	chyna
christy_canyon	christy_canyon
mitsuaki_hoshino	mitsuaki_hoshino
angela_summers	angela_summers
melvil_poupaud	melvil_poupaud
yumiko_fujita	yumiko_fujita
inari_vachs	inari_vachs
vince_vouyer	vince_vouyer
stacy_valentine	stacy_valentine
halina_tam	halina_tam
chizuru_ikewaki	chizuru_ikewaki
akira_kubo	akira_kubo
akio_nojima	akio_nojima
maria_antonietta_beluzzi	maria_antonietta_beluzzi
lisa_s.	lisa_s.
william_hung	william_hung
jacques_gamblin	jacques_gamblin
evan_stone	evan_stone
patricia_maynard	patricia_maynard
wendy_divine	wendy_divine
kenix_kwok	kenix_kwok
john_welsh_(actor)	john_welsh_(actor)
sire_ma	sire_ma
zheng_junli	zheng_junli
lilian_bond	lilian_bond
moana_pozzi	moana_pozzi
shingo_tsurumi	shingo_tsurumi
kaoru_shimamura	kaoru_shimamura
roy_cheung	roy_cheung
yuan_muzhi	yuan_muzhi
pat_myne	pat_myne
david_dencik	david_dencik
valentine_tessier	valentine_tessier
morio_kazama	morio_kazama
david_niven,_jr.	david_niven,_jr.
candy_samples	candy_samples
mathilde_seigner	mathilde_seigner
nike_arrighi	nike_arrighi
maria_yamamoto	maria_yamamoto
steve_railsback	steve_railsback
xu_qing	xu_qing
paulina_james	paulina_james
ariel_lin	ariel_lin
beatrice_hsu	beatrice_hsu
cara_lott	cara_lott
carmen_luvana	carmen_luvana
reika_kirishima	reika_kirishima
yu_chenghui	yu_chenghui
kobe_tai	kobe_tai
huang_shengyi	huang_shengyi
briana_banks	briana_banks
marianne_denicourt	marianne_denicourt
akiji_kobayashi	akiji_kobayashi
armand_kaliz	armand_kaliz
tien_feng	tien_feng
karl_erik_flens	karl_erik_flens
brandy_alexandre	brandy_alexandre
huang_xiaoming	huang_xiaoming
rakuto_tochihara	rakuto_tochihara
monica_mayhem	monica_mayhem
manfred_wong	manfred_wong
denise_grey	denise_grey
kaku_takashina	kaku_takashina
sally_yoshino	sally_yoshino
julia_lockwood	julia_lockwood
alfred_paget	alfred_paget
mckenzie_lee	mckenzie_lee
james_stephenson	james_stephenson
deborah_norton	deborah_norton
shermon_tang	shermon_tang
anders_ek	anders_ek
barbro_kollberg	barbro_kollberg
colleen_brennan	colleen_brennan
bosco_wong	bosco_wong
erica_ellyson	erica_ellyson
li_xiaolu	li_xiaolu
george_innes	george_innes
erica_boyer	erica_boyer
gudrun_brost	gudrun_brost
joey_meng	joey_meng
fala_chen	fala_chen
hitomi_shiraishi	hitomi_shiraishi
holly_kaneko	holly_kaneko
fritha_goodey	fritha_goodey
alexis_amore	alexis_amore
conleth_hill	conleth_hill
alex_fong_(actor)	alex_fong_(actor)
lin_meijiao	lin_meijiao
tsui_siu-ming	tsui_siu-ming
ranko_hanai	ranko_hanai
michiko_maeda	michiko_maeda
charles_carson_(actor)	charles_carson_(actor)
yngve_gamlin	yngve_gamlin
muriel_frances_dana	muriel_frances_dana
joshua_ang	joshua_ang
danni_ashe	danni_ashe
jennifer_ketcham	jennifer_ketcham
jack_hobbs_(actor)	jack_hobbs_(actor)
pamela_green	pamela_green
david_gale_(actor)	david_gale_(actor)
van_damage	van_damage
deric_wan	deric_wan
meggan_mallone	meggan_mallone
ashli_orion	ashli_orion
jenny_tseng	jenny_tseng
katja_kassin	katja_kassin
zeb_atlas	zeb_atlas
julian_cheung	julian_cheung
carmen_hart	carmen_hart
ian_kelsey	ian_kelsey
roy_stewart	roy_stewart
noriko_sengoku	noriko_sengoku
miyuki_ueda	miyuki_ueda
julia_taylor	julia_taylor
sachiko_murase	sachiko_murase
emily_woof	emily_woof
collin_chou	collin_chou
katja_k	katja_k
holly_one	holly_one
masami_suzuki	masami_suzuki
berg_ng	berg_ng
xu_fan	xu_fan
shannon_lee	shannon_lee
josie_ho	josie_ho
candy_apples	candy_apples
masahiro_usui	masahiro_usui
kuranosuke_sasaki	kuranosuke_sasaki
sola_aoi	sola_aoi
tyrell_davis	tyrell_davis
julie_night	julie_night
rakel_liekki	rakel_liekki
patrick_tse	patrick_tse
mami_yamasaki	mami_yamasaki
wakin_chau	wakin_chau
shiho_fujimura	shiho_fujimura
ryo_kimura	ryo_kimura
muga_takewaki	muga_takewaki
ingrid_luterkort	ingrid_luterkort
tiana_lynn	tiana_lynn
marianne_aminoff	marianne_aminoff
tomiko_ishii	tomiko_ishii
takeshi_kaneshiro	takeshi_kaneshiro
diana_pang	diana_pang
jaime_chik	jaime_chik
jelena_jensen	jelena_jensen
tavalia_griffin	tavalia_griffin
annabel_chong	annabel_chong
yumika_hayashi	yumika_hayashi
brandi_love	brandi_love
jack_wu	jack_wu
amber_rayne	amber_rayne
jean_marsan	jean_marsan
kin_sugai	kin_sugai
kristy_yang	kristy_yang
birger_malmsten	birger_malmsten
douglas_seale	douglas_seale
guy_disilva	guy_disilva
mary_forbes	mary_forbes
bengt_ekerot	bengt_ekerot
jonathan_newth	jonathan_newth
francesco_d'macho	francesco_d'macho
seiichi_tanabe	seiichi_tanabe
eric_kot	eric_kot
charlene_tse	charlene_tse
keri_sable	keri_sable
charles_berling	charles_berling
casey_donovan_(actor)	casey_donovan_(actor)
lisa_lu	lisa_lu
tin_kai-man	tin_kai-man
sture_lagerwall	sture_lagerwall
kaoru_yachigusa	kaoru_yachigusa
vanessa_del_rio	vanessa_del_rio
ma_sanli	ma_sanli
elizabeth_berrington	elizabeth_berrington
yoshinori_okada	yoshinori_okada
kelly_lin	kelly_lin
lezley_zen	lezley_zen
kanji_tsuda	kanji_tsuda
nanako_matsushima	nanako_matsushima
janet_dibley	janet_dibley
william_snape	william_snape
deidre_holland	deidre_holland
roberto_malone	roberto_malone
johnni_black	johnni_black
bryan_leung	bryan_leung
jia_nailiang	jia_nailiang
arthur_rigby_(actor)	arthur_rigby_(actor)
daniel_chan	daniel_chan
sakura_sena	sakura_sena
ai_kobayashi	ai_kobayashi
nobuo_nakamura	nobuo_nakamura
margaret_lacey	margaret_lacey
ellen_chan	ellen_chan
rene_bond	rene_bond
geraldine_o'rawe	geraldine_o'rawe
alan_tang	alan_tang
dan_ekborg	dan_ekborg
wu_yingyin	wu_yingyin
paul_sorensen	paul_sorensen
barbie_hsu	barbie_hsu
brigitte_lahaie	brigitte_lahaie
yoshino_kimura	yoshino_kimura
ilona_staller	ilona_staller
macy_chan	macy_chan
liao_fan	liao_fan
honoka	honoka
natalis_chan	natalis_chan
roberta_gemma	roberta_gemma
yvette_bova	yvette_bova
barbara_dare	barbara_dare
gigi_leung	gigi_leung
andreas_wilson	andreas_wilson
lymari_nadal	lymari_nadal
nora_miao	nora_miao
akemi_okamura	akemi_okamura
minoru_chiaki	minoru_chiaki
shakira_caine	shakira_caine
tomohiro_kaku	tomohiro_kaku
lillian_zuckerman	lillian_zuckerman
zhang_yuqi	zhang_yuqi
natalia_zeta	natalia_zeta
maria_kekkonen	maria_kekkonen
vincent_lindon	vincent_lindon
ann_bridgewater	ann_bridgewater
athena_chu	athena_chu
hung_yan-yan	hung_yan-yan
paige_chua	paige_chua
charlton_heston	charlton_heston
yuko_kobayashi	yuko_kobayashi
pierre_png	pierre_png
lin_feng-jiao	lin_feng-jiao
rebecca_bardoux	rebecca_bardoux
gigi_lai	gigi_lai
shinobu_nakayama	shinobu_nakayama
jarl_kulle	jarl_kulle
minori_aoi	minori_aoi
katy_murphy	katy_murphy
richard_lund	richard_lund
marie_luv	marie_luv
amanda_ooms	amanda_ooms
ryan_idol	ryan_idol
ashlynn_brooke	ashlynn_brooke
marilyn_jess	marilyn_jess
penelope_dudley-ward	penelope_dudley-ward
david_gwillim	david_gwillim
anna_nakagawa	anna_nakagawa
rosie_day	rosie_day
jun_kusanagi	jun_kusanagi
betty_lawford	betty_lawford
tara_lynn_foxx	tara_lynn_foxx
zheng_geping	zheng_geping
jiang_qinqin	jiang_qinqin
michiyo_kogure	michiyo_kogure
jeanne_mockford	jeanne_mockford
jake_deckard	jake_deckard
niki_chow	niki_chow
pierre_boulanger	pierre_boulanger
yan_bingliang	yan_bingliang
lau_kar-leung	lau_kar-leung
kate_asabuki	kate_asabuki
wakana_yamazaki	wakana_yamazaki
eri_kikuchi	eri_kikuchi
toni_ribas	toni_ribas
maurice_garrel	maurice_garrel
paul_frankeur	paul_frankeur
ariel_rebel	ariel_rebel
katie_morgan	katie_morgan
sammo_hung	sammo_hung
shawn_yue	shawn_yue
derek_mio	derek_mio
wilfred_lau	wilfred_lau
nikita_ramsey	nikita_ramsey
hugh_burden	hugh_burden
brooke_haven	brooke_haven
rio_matsumoto	rio_matsumoto
mary_millington	mary_millington
olivia_saint	olivia_saint
raylene	raylene
fubuki_takane	fubuki_takane
candy_lo	candy_lo
thomas_jouannet	thomas_jouannet
renji_ishibashi	renji_ishibashi
miki_sakai	miki_sakai
keith_drinkel	keith_drinkel
folke_sundquist	folke_sundquist
chiara_mastroianni	chiara_mastroianni
brittany_andrews	brittany_andrews
alektra_blue	alektra_blue
roxy_jezel	roxy_jezel
ryoko_kobayashi	ryoko_kobayashi
tolga_safer	tolga_safer
angela_tong	angela_tong
nobuko_otowa	nobuko_otowa
jenna_jameson	jenna_jameson
candida_royalle	candida_royalle
eva_angelina	eva_angelina
asami_kai	asami_kai
walter_fitzgerald	walter_fitzgerald
dale_dabone	dale_dabone
shin_saburi	shin_saburi
catrin_westerlund	catrin_westerlund
ady_an	ady_an
mai_lin	mai_lin
darren_james	darren_james
tova_magnusson	tova_magnusson
kenneth_ma	kenneth_ma
salma_de_nora	salma_de_nora
kristi_myst	kristi_myst
jackie_chan	jackie_chan
takatoshi_kaneko	takatoshi_kaneko
you_yong	you_yong
kitana_baker	kitana_baker
martin_lev	martin_lev
zhang_ziyi	zhang_ziyi
frankie_chan	frankie_chan
calli_cox	calli_cox
katie_gold	katie_gold
vincent_davies	vincent_davies
sara_bernat	sara_bernat
yvonne_yung	yvonne_yung
fred_goodwins	fred_goodwins
naomi_chance	naomi_chance
ryosei_konishi	ryosei_konishi
priscelia_chan	priscelia_chan
zhao_lirong	zhao_lirong
alf_kjellin	alf_kjellin
michael_tse	michael_tse
masami_kikuchi	masami_kikuchi
li_xuejian	li_xuejian
maria-elena_laas	maria-elena_laas
greg_centauro	greg_centauro
freddie_boath	freddie_boath
ken_mitsuishi	ken_mitsuishi
mary_meade	mary_meade
charles_dullin	charles_dullin
dany_robin	dany_robin
susan_skipper	susan_skipper
tori_black	tori_black
jessica_hsuan	jessica_hsuan
cathy_barry	cathy_barry
roxanne_blaze	roxanne_blaze
belita	belita
bobby_vitale	bobby_vitale
yoshio_inaba	yoshio_inaba
kazumi_tanaka	kazumi_tanaka
ron_hightower	ron_hightower
wilber_pan	wilber_pan
sammi_cheng	sammi_cheng
yasmine_lafitte	yasmine_lafitte
nicky_wu	nicky_wu
gary_hailes	gary_hailes
lu_yi-ching	lu_yi-ching
leah_luv	leah_luv
junie_astor	junie_astor
victoria_paris	victoria_paris
kristina_adolphson	kristina_adolphson
richard_dolman	richard_dolman
simon_nash	simon_nash
mimi_miyagi	mimi_miyagi
rosalind_ayres	rosalind_ayres
brigitte_lin	brigitte_lin
george_relph	george_relph
asuka_sakamaki	asuka_sakamaki
kevin_howarth	kevin_howarth
gene_gerrard	gene_gerrard
amber_lynn	amber_lynn
yasuko_matsuyuki	yasuko_matsuyuki
bokuzen_hidari	bokuzen_hidari
manami_yoshii	manami_yoshii
teruyuki_kagawa	teruyuki_kagawa
miho_nikaido	miho_nikaido
wiktor_andersson	wiktor_andersson
zhang_jingchu	zhang_jingchu
richard_ng	richard_ng
sunset_thomas	sunset_thomas
chie_sawaguchi	chie_sawaguchi
tony_leung_ka-fai	tony_leung_ka-fai
eric_wan	eric_wan
miki_sawaguchi	miki_sawaguchi
julian_hee	julian_hee
tawny_roberts	tawny_roberts
julie_meadows	julie_meadows
hyapatia_lee	hyapatia_lee
hideko_yoshida	hideko_yoshida
michael_lonsdale	michael_lonsdale
ivy_ling_po	ivy_ling_po
belle_chrystall	belle_chrystall
louise_frevert	louise_frevert
shane_diesel	shane_diesel
flora_finch	flora_finch
sam_bernard	sam_bernard
nikki_tyler	nikki_tyler
thomas_heathcote	thomas_heathcote
lisa_boyle	lisa_boyle
masato_hagiwara	masato_hagiwara
debi_sue_voorhees	debi_sue_voorhees
amelia_shankley	amelia_shankley
akira_watase	akira_watase
bowie_wu	bowie_wu
yuma_asami	yuma_asami
queenie_chu	queenie_chu
yoyo_mung	yoyo_mung
eloy_azorin	eloy_azorin
jeff_stryker	jeff_stryker
monica_chan	monica_chan
jiang_wen	jiang_wen
liza_wang	liza_wang
eileen_percy	eileen_percy
yvonne_lim	yvonne_lim
leila_tong	leila_tong
josephine_siao	josephine_siao
evelyn_tan	evelyn_tan
bridgette_kerkove	bridgette_kerkove
chris_larkin	chris_larkin
josette_simon	josette_simon
philippe_volter	philippe_volter
chloe_jones	chloe_jones
wayne_chua	wayne_chua
sture_ericson	sture_ericson
elliot_ngok	elliot_ngok
isao_yamagata	isao_yamagata
gertan_klauber	gertan_klauber
gwei_lun-mei	gwei_lun-mei
beverly_lynne	beverly_lynne
stanley_huang	stanley_huang
taylor_rain	taylor_rain
takumi_yamazaki	takumi_yamazaki
kristina_wayborn	kristina_wayborn
kenny_bee	kenny_bee
lai_lok-yi	lai_lok-yi
julian_firth	julian_firth
ikue_sakakibara	ikue_sakakibara
domonique_simone	domonique_simone
masaki_okada	masaki_okada
ron_jeremy	ron_jeremy
katsuo_nakamura	katsuo_nakamura
juli_ashton	juli_ashton
tiffany_million	tiffany_million
bobbi_starr	bobbi_starr
chi_chi_larue	chi_chi_larue
felicia_fox	felicia_fox
ang_ching_hui	ang_ching_hui
franklin_dyall	franklin_dyall
annalisa_ericson	annalisa_ericson
john_hollis	john_hollis
rachel_ryan	rachel_ryan
katsuni	katsuni
lisa_de_leeuw	lisa_de_leeuw
fiona_xie	fiona_xie
ginger_lynn	ginger_lynn
ran_ito	ran_ito
akiko_wakabayashi	akiko_wakabayashi
wallace_chung	wallace_chung
hiroshi_tsuburaya	hiroshi_tsuburaya
rocco_siffredi	rocco_siffredi
anna_lindahl	anna_lindahl
angela_grant	angela_grant
isabel_ice	isabel_ice
aylar_lie	aylar_lie
scott_o'hara	scott_o'hara
hideo_murota	hideo_murota
taeko_kawata	taeko_kawata
madeleine_renaud	madeleine_renaud
nils_poppe	nils_poppe
dolly_buster	dolly_buster
aurore_auteuil	aurore_auteuil
bionca	bionca
alan_tern	alan_tern
junko_miyashita	junko_miyashita
isabelle_mergault	isabelle_mergault
bret_wolfe	bret_wolfe
remy_lacroix	remy_lacroix
ayako_wakao	ayako_wakao
crystal_knight	crystal_knight
ray_dragon	ray_dragon
miyoko_asada	miyoko_asada
ittoku_kishibe	ittoku_kishibe
constance_money	constance_money
sharon_luk	sharon_luk
michiyo_aratama	michiyo_aratama
keiran_lee	keiran_lee
timmy_hung	timmy_hung
show_luo	show_luo
marco_banderas	marco_banderas
herschel_savage	herschel_savage
zhang_guoli	zhang_guoli
so_yamamura	so_yamamura
suzy_mandel	suzy_mandel
kent_tong	kent_tong
tristan_kingsley	tristan_kingsley
chen_daoming	chen_daoming
giani_esposito	giani_esposito
huang_bo	huang_bo
tomio_aoki	tomio_aoki
peter_swanwick	peter_swanwick
signe_wirff	signe_wirff
mai_haruna	mai_haruna
jing_tian	jing_tian
riko_tachibana	riko_tachibana
ellen_pollock	ellen_pollock
gillian_chung	gillian_chung
rebecca_brooke	rebecca_brooke
julie_strain	julie_strain
tsui_hark	tsui_hark
louis_fan	louis_fan
adam_cheng	adam_cheng
evan_seinfeld	evan_seinfeld
alexandra_silk	alexandra_silk
christian_xxx	christian_xxx
ichiro_sugai	ichiro_sugai
julie-marie_parmentier	julie-marie_parmentier
joe_junior	joe_junior
angelica_lee	angelica_lee
michel_galabru	michel_galabru
nils_hallberg	nils_hallberg
ken_ryker	ken_ryker
maggie_shiu	maggie_shiu
sophie_dee	sophie_dee
lysa_thatcher	lysa_thatcher
elof_ahrle	elof_ahrle
alec_su	alec_su
vincent_kok	vincent_kok
majandra_delfino	majandra_delfino
jasmine_byrne	jasmine_byrne
susanna_kwan	susanna_kwan
veronica_carlson	veronica_carlson
racquel_darrian	racquel_darrian
lila_leslie	lila_leslie
susan_stephen	susan_stephen
osamu_takizawa	osamu_takizawa
stephen_billington	stephen_billington
philip_middlemiss	philip_middlemiss
sunny_chan	sunny_chan
power_chan	power_chan
tsutomu_yamazaki	tsutomu_yamazaki
david_lloyd_meredith	david_lloyd_meredith
sven-eric_gamble	sven-eric_gamble
dagny_lind	dagny_lind
kate_hardie	kate_hardie
cara_fawn	cara_fawn
william_austin_(actor)	william_austin_(actor)
rebecca_saire	rebecca_saire
gallen_lo	gallen_lo
william_marlowe	william_marlowe
eleanor_summerfield	eleanor_summerfield
sami_frey	sami_frey
masaaki_tsukada	masaaki_tsukada
porsche_lynn	porsche_lynn
greta_almroth	greta_almroth
clifford_rose	clifford_rose
grace_chang	grace_chang
richard_low	richard_low
lexi_love	lexi_love
yu_nan	yu_nan
toivo_pawlo	toivo_pawlo
ayaka_wilson	ayaka_wilson
isabelle_nanty	isabelle_nanty
yngve_nordwall	yngve_nordwall
alien_sun	alien_sun
amber_kuo	amber_kuo
ingrid_backlin	ingrid_backlin
yoshiko_tanaka	yoshiko_tanaka
tanya_tate	tanya_tate
pai_ping-ping	pai_ping-ping
nao_saejima	nao_saejima
paul_chung	paul_chung
robert_urquhart_(actor)	robert_urquhart_(actor)
yuen_cheung-yan	yuen_cheung-yan
frances_white	frances_white
reina_leone	reina_leone
blake_riley	blake_riley
patricia_brake	patricia_brake
sayuri_yamauchi	sayuri_yamauchi
jack_neo	jack_neo
bunny_luv	bunny_luv
michael_graham_cox	michael_graham_cox
jenny_tomasin	jenny_tomasin
an_nanba	an_nanba
roxy_reynolds	roxy_reynolds
sharka_blue	sharka_blue
jonathan_morgan_(director)	jonathan_morgan_(director)
kate_tsui	kate_tsui
chris_perry-metcalf	chris_perry-metcalf
mandy_chiang	mandy_chiang
kim_hartman	kim_hartman
sam_chan	sam_chan
jeremy_spenser	jeremy_spenser
keiko_toda	keiko_toda
taylor_vixen	taylor_vixen
kjeld_gogosha-clark	kjeld_gogosha-clark
betty_ann_davies	betty_ann_davies
angie_cheong	angie_cheong
ryo_kase	ryo_kase
cordelia_bugeja	cordelia_bugeja
pihla_viitala	pihla_viitala
mary_kerridge	mary_kerridge
kelly_nichols	kelly_nichols
mario_montez	mario_montez
veronica_rayne	veronica_rayne
india_summer	india_summer
chow_yun-fat	chow_yun-fat
marc_de_jonge	marc_de_jonge
ambrosine_phillpotts	ambrosine_phillpotts
reine_brynolfsson	reine_brynolfsson
scott_nails	scott_nails
andy_san_dimas	andy_san_dimas
keiko_takahashi	keiko_takahashi
jean_davy	jean_davy
bak_sheut-sin	bak_sheut-sin
gillian_blake	gillian_blake
yurika_hino	yurika_hino
jun_murakami	jun_murakami
kazue_fukiishi	kazue_fukiishi
jean_boht	jean_boht
roger_blin	roger_blin
christine_ng	christine_ng
daniel_chatto	daniel_chatto
john_grillo	john_grillo
christi_lake	christi_lake
aimee_sweet	aimee_sweet
breanne_benson	breanne_benson
eileen_essell	eileen_essell
kelly_trump	kelly_trump
idy_chan	idy_chan
yoko_moriguchi	yoko_moriguchi
babette_bardot	babette_bardot
shaun_chen	shaun_chen
keith_pyott	keith_pyott
jacklyn_wu	jacklyn_wu
nicki_hunter	nicki_hunter
alice_patten	alice_patten
esther_sandoval	esther_sandoval
yoichi_numata	yoichi_numata
rolf_sohlman	rolf_sohlman
kristara_barrington	kristara_barrington
buck_adams	buck_adams
yukie_kawamura	yukie_kawamura
kwan_tak-hing	kwan_tak-hing
brooke_ballentyne	brooke_ballentyne
aletta_ocean	aletta_ocean
alana_evans	alana_evans
hiroko_mita	hiroko_mita
kaylani_lei	kaylani_lei
lyrian	lyrian
may_lo	may_lo
bo_brundin	bo_brundin
georg_funkquist	georg_funkquist
vivian_wu	vivian_wu
liu_peiqi	liu_peiqi
jimmy_nah	jimmy_nah
jade_leung	jade_leung
kim_chambers	kim_chambers
denise_ho	denise_ho
wu_ma	wu_ma
seka	seka
william_san	william_san
toby_leung	toby_leung
roy_chiao	roy_chiao
brianna_love	brianna_love
lulu_popplewell	lulu_popplewell
kelly_madison	kelly_madison
kevin_cheng	kevin_cheng
iemasa_kayumi	iemasa_kayumi
camilla_sparv	camilla_sparv
marcus_london	marcus_london
erik_hell	erik_hell
masaya_kato	masaya_kato
anna_palk	anna_palk
noel_coleman	noel_coleman
tristan_mathews	tristan_mathews
harvey_spencer_stephens	harvey_spencer_stephens
riria_yoshikawa	riria_yoshikawa
emily_fitzroy	emily_fitzroy
tetsushi_tanaka	tetsushi_tanaka
mark_cheng	mark_cheng
hiroshi_mikami	hiroshi_mikami
graham_pountney	graham_pountney
chingmy_yau	chingmy_yau
liu_yifei	liu_yifei
alysson_paradis	alysson_paradis
jia_hongsheng	jia_hongsheng
caroline_milmoe	caroline_milmoe
maggie_lau	maggie_lau
yasuhisa_furuhara	yasuhisa_furuhara
jean-baptiste_nicolet	jean-baptiste_nicolet
jane_welsh	jane_welsh
claude_maki	claude_maki
richard_dillane	richard_dillane
janet_henfrey	janet_henfrey
aubrey_mather	aubrey_mather
dion_lam	dion_lam
nozomi_takeuchi	nozomi_takeuchi
xavier_saint-macary	xavier_saint-macary
john_moulder-brown	john_moulder-brown
angela_chang	angela_chang
laure_sainclair	laure_sainclair
taylor_wane	taylor_wane
zeffie_tilbury	zeffie_tilbury
myolie_wu	myolie_wu
kazuo_hasegawa	kazuo_hasegawa
bunjaku_han	bunjaku_han
eriko_hara	eriko_hara
damian_lau	damian_lau
janine_lindemulder	janine_lindemulder
brenda_de_banzie	brenda_de_banzie
kwong_wa	kwong_wa
vincent_wong	vincent_wong
joanna_taylor	joanna_taylor
raven_riley	raven_riley
leslie_cheung	leslie_cheung
jennifer_evans	jennifer_evans
john_melin	john_melin
colette_darfeuil	colette_darfeuil
tera_wray	tera_wray
terence_yin	terence_yin
ricky_hui	ricky_hui
randy_spears	randy_spears
enid_stamp_taylor	enid_stamp_taylor
zhou_xun	zhou_xun
yuria_haga	yuria_haga
rosanne_wong	rosanne_wong
vahina_giocante	vahina_giocante
john_richardson_(actor)	john_richardson_(actor)
fiona_sit	fiona_sit
seiji_miyaguchi	seiji_miyaguchi
barry_wong	barry_wong
john_j._carney	john_j._carney
asami_sugiura	asami_sugiura
tomoko_yamaguchi	tomoko_yamaguchi
tyson_cane	tyson_cane
carmel_moore	carmel_moore
lara_roxx	lara_roxx
joan_rice	joan_rice
stacia_napierkowska	stacia_napierkowska
bobbi_eden	bobbi_eden
aino_taube	aino_taube
carman_lee	carman_lee
siqin_gaowa	siqin_gaowa
arthur_leslie	arthur_leslie
haley_paige	haley_paige
brian_nissen	brian_nissen
chiharu_kawai	chiharu_kawai
vincent_winter	vincent_winter
edward_atterton	edward_atterton
stephanie_che	stephanie_che
joe_duttine	joe_duttine
shunji_fujimura	shunji_fujimura
annu_mari	annu_mari
kermit_love	kermit_love
kenneth_tsang	kenneth_tsang
huang_yiliang	huang_yiliang
mr._marcus	mr._marcus
angela_mao	angela_mao
megumi_okina	megumi_okina
tony_tedeschi	tony_tedeschi
katsuhisa_namase	katsuhisa_namase
guy_bedos	guy_bedos
sibelle_hu	sibelle_hu
hisashi_igawa	hisashi_igawa
georgina_spelvin	georgina_spelvin
richard_caldicot	richard_caldicot
yumi_takada	yumi_takada
nicole_sheridan	nicole_sheridan
courtney_simpson	courtney_simpson
shigenori_yamazaki	shigenori_yamazaki
toshiya_ueda	toshiya_ueda
romeo_tan	romeo_tan
faith_brown	faith_brown
christopher_godwin	christopher_godwin
joey_yung	joey_yung
eason_chan	eason_chan
takaaki_ishibashi	takaaki_ishibashi
charlene_choi	charlene_choi
ron_bottitta	ron_bottitta
louis_koo	louis_koo
huang_biren	huang_biren
sunny_leone	sunny_leone
chihiro_otsuka	chihiro_otsuka
mana_sakura	mana_sakura
lolo_ferrari	lolo_ferrari
sharla_cheung	sharla_cheung
jordan_chan	jordan_chan
robert_vattier	robert_vattier
kylie_ireland	kylie_ireland
frankie_lam	frankie_lam
karl-arne_holmsten	karl-arne_holmsten
marc_pickering	marc_pickering
charmaine_sheh	charmaine_sheh
arthur_young_(actor)	arthur_young_(actor)
james_grout	james_grout
steven_st._croix	steven_st._croix
satine_phoenix	satine_phoenix
guy_marchand	guy_marchand
masato_harada	masato_harada
courtney_cummz	courtney_cummz
george_lam	george_lam
gustaf_molander	gustaf_molander
sun_honglei	sun_honglei
mina_anwar	mina_anwar
roland_curram	roland_curram
gracie_glam	gracie_glam
tang_pik-wan	tang_pik-wan
liu_xiao_ling_tong	liu_xiao_ling_tong
tina_yuzuki	tina_yuzuki
kazuko_shirakawa	kazuko_shirakawa
kenny_doughty	kenny_doughty
tanya_lopert	tanya_lopert
reiko_oshida	reiko_oshida
victor_travers	victor_travers
wallace_lupino	wallace_lupino
hu_jun	hu_jun
ann_marie_rios	ann_marie_rios
joey_leung	joey_leung
shuji_kashiwabara	shuji_kashiwabara
wong_tin-lam	wong_tin-lam
vicky_vette	vicky_vette
charles_goldner	charles_goldner
marilyn_chambers	marilyn_chambers
takuzo_kawatani	takuzo_kawatani
wang_yumei	wang_yumei
sachiko_hidari	sachiko_hidari
takanori_hoshino	takanori_hoshino
trina_michaels	trina_michaels
lisa_lipps	lisa_lipps
hideki_ogihara	hideki_ogihara
komaki_kurihara	komaki_kurihara
jessica_drake	jessica_drake
jessica_jaymes	jessica_jaymes
chan_shen	chan_shen
ian_paul_cassidy	ian_paul_cassidy
nicholas_saputra	nicholas_saputra
lally_bowers	lally_bowers
vic_chou	vic_chou
yuria_kato	yuria_kato
nana_natsume	nana_natsume
bowie_lam	bowie_lam
stefani_morgan	stefani_morgan
yui_ichikawa	yui_ichikawa
ryo_hitomi	ryo_hitomi
barbara_new	barbara_new
chen_xiaoxu	chen_xiaoxu
rebecca_chan	rebecca_chan
tae_kimura	tae_kimura
margaretha_krook	margaretha_krook
zhou_xuan	zhou_xuan
machiko_toyoshima	machiko_toyoshima
gaby_stenberg	gaby_stenberg
kimberly_kane	kimberly_kane
anastasia_mayo	anastasia_mayo
michael_gaunt	michael_gaunt
kenji_wu	kenji_wu
ruby_lin	ruby_lin
francesca_le	francesca_le
bibi_jones	bibi_jones
rick_pantera	rick_pantera
brent_everett	brent_everett
birgitta_pettersson	birgitta_pettersson
koreya_senda	koreya_senda
francis_lister	francis_lister
loni_sanders	loni_sanders
edvin_adolphson	edvin_adolphson
chen_liping	chen_liping
lauren_phoenix	lauren_phoenix
christina_schollin	christina_schollin
lea_de_mae	lea_de_mae
ava_rose	ava_rose
jeremy_wilkin	jeremy_wilkin
qi_yuwu	qi_yuwu
etsushi_toyokawa	etsushi_toyokawa
abel_jacquin	abel_jacquin
yuriko_ishida	yuriko_ishida
mirai_moriyama	mirai_moriyama
akiko_matsumoto	akiko_matsumoto
reiko_kataoka	reiko_kataoka
chang_chen-yue	chang_chen-yue
kiwako_taichi	kiwako_taichi
chrissie_white	chrissie_white
tanner_mayes	tanner_mayes
judy_minx	judy_minx
stacey_cadman	stacey_cadman
dyanne_thorne	dyanne_thorne
wanda_curtis	wanda_curtis
chieko_honda	chieko_honda
jesse_jane	jesse_jane
jenaveve_jolie	jenaveve_jolie
simone_griffeth	simone_griffeth
jacqueline_sassard	jacqueline_sassard
shu_qi	shu_qi
ben_peyton	ben_peyton
bridget_powers	bridget_powers
tanya_hyde	tanya_hyde
sif_ruud	sif_ruud
vivien_yeo	vivien_yeo
lilli_carati	lilli_carati
ayumi_ito	ayumi_ito
sally_yeh	sally_yeh
ona_zee	ona_zee
john_turnbull_(actor)	john_turnbull_(actor)
stoya	stoya
colin_edwynn	colin_edwynn
asia_carrera	asia_carrera
victoria_zdrok	victoria_zdrok
wong_he	wong_he
filip_berg	filip_berg
robin_byrd	robin_byrd
taylor_st._claire	taylor_st._claire
isa_quensel	isa_quensel
shirley_yeung	shirley_yeung
chikage_awashima	chikage_awashima
hiroyuki_ikeuchi	hiroyuki_ikeuchi
kenji_matsuda	kenji_matsuda
puma_swede	puma_swede
selen	selen
bernard_le_coq	bernard_le_coq
david_gooderson	david_gooderson
narumi_yasuda	narumi_yasuda
hy_hazell	hy_hazell
manuel_ferrara	manuel_ferrara
bertil_anderberg	bertil_anderberg
mai_hoshikawa	mai_hoshikawa
lynn_lemay	lynn_lemay
corinne_alphen	corinne_alphen
juno_mak	juno_mak
justin_lo	justin_lo
yuen_biao	yuen_biao
audrey_hollander	audrey_hollander
jeanna_fine	jeanna_fine
kayden_kross	kayden_kross
arata_iura	arata_iura
julien_rassam	julien_rassam
derek_farr	derek_farr
arthur_malet	arthur_malet
michelle_goh	michelle_goh
angela_pan	angela_pan
jordan_metcalfe	jordan_metcalfe
kiichi_nakai	kiichi_nakai
takanori_jinnai	takanori_jinnai
colton_ford	colton_ford
jacky_cheung	jacky_cheung
richard_ainley	richard_ainley
ikki_sawamura	ikki_sawamura
aya_sugimoto	aya_sugimoto
india_fisher	india_fisher
jerry_yan	jerry_yan
cameron_marshall	cameron_marshall
jacques_duby	jacques_duby
oscar_ljung	oscar_ljung
wellington_a._playter	wellington_a._playter
ian_gouw	ian_gouw
ashley_long	ashley_long
yoshiko_kuga	yoshiko_kuga
edison_chen	edison_chen
kurumi_morishita	kurumi_morishita
nene_otsuka	nene_otsuka
chen_yunshang	chen_yunshang
raymond_lam	raymond_lam
donnie_yen	donnie_yen
ken_chu	ken_chu
chi_kuan-chun	chi_kuan-chun
zhao_wei	zhao_wei
jesse_santana	jesse_santana
darren_lim	darren_lim
georg_rydeberg	georg_rydeberg
russell_wong	russell_wong
isabelle_amyes	isabelle_amyes
xiang_yun	xiang_yun
eddie_axberg	eddie_axberg
maya_okamoto	maya_okamoto
zhang_fengyi	zhang_fengyi
lois_ayres	lois_ayres
shyla_foxxx	shyla_foxxx
albert_dupontel	albert_dupontel
rainie_yang	rainie_yang
teresa_carpio	teresa_carpio
kazusa_murai	kazusa_murai
gordon_lam	gordon_lam
hong_huifang	hong_huifang
judy_gunn	judy_gunn
dorris_bowdon	dorris_bowdon
kristina_rose	kristina_rose
alexandra_quinn	alexandra_quinn
ken_uehara	ken_uehara
bernard_blier	bernard_blier
mayura_hoshitsuki	mayura_hoshitsuki
jun_hamamura	jun_hamamura
winnie_lau	winnie_lau
george_a._cooper	george_a._cooper
valen_hsu	valen_hsu
stanley_lebor	stanley_lebor
marlene_willoughby	marlene_willoughby
jeanne_stuart	jeanne_stuart
noname_jane	noname_jane
omi_minami	omi_minami
chisato_morishita	chisato_morishita
tong_dawei	tong_dawei
charlie_hall_(actor)	charlie_hall_(actor)
april_flowers	april_flowers
bolo_yeung	bolo_yeung
gong_li	gong_li
toshiyuki_nagashima	toshiyuki_nagashima
raul_cristian	raul_cristian
abigail_clayton	abigail_clayton
samuel_hui	samuel_hui
gloria_yip	gloria_yip
kary_ng	kary_ng
brook_williams	brook_williams
max_hardcore	max_hardcore
pang_ho-cheung	pang_ho-cheung
gianna_michaels	gianna_michaels
david_weatherley	david_weatherley
paul_jesson	paul_jesson
annie_sprinkle	annie_sprinkle
chelsea_blue	chelsea_blue
sheila_chan	sheila_chan
roman_heart	roman_heart
sammy_leung	sammy_leung
fan_bingbing	fan_bingbing
beatrice_pons	beatrice_pons
daniel_emilfork	daniel_emilfork
princess_donna	princess_donna
andrew_pleavin	andrew_pleavin
john_lone	john_lone
kunihiko_yasui	kunihiko_yasui
alain_cuny	alain_cuny
hollie-jay_bowes	hollie-jay_bowes
danson_tang	danson_tang
johnny_hazzard	johnny_hazzard
andy_hui	andy_hui
doreen_mantle	doreen_mantle
takahiro_tamura	takahiro_tamura
minase_yashiro	minase_yashiro
shauna_macdonald	shauna_macdonald
james_deen	james_deen
michael_anderson,_jr.	michael_anderson,_jr.
billy_herrington	billy_herrington
leon_lai	leon_lai
cherie_chung	cherie_chung
fred_cheng	fred_cheng
alec_b._francis	alec_b._francis
wayne_lai	wayne_lai
sharon_chan	sharon_chan
marta_romero	marta_romero
michel_auclair	michel_auclair
ludmilla_radchenko	ludmilla_radchenko
kotaro_koizumi	kotaro_koizumi
tom_byron	tom_byron
hampe_faustman	hampe_faustman
shigeru_muroi	shigeru_muroi
shun_sugata	shun_sugata
huang_wenyong	huang_wenyong
faye_wong	faye_wong
karen_mok	karen_mok
anita_mui	anita_mui
henry_o	henry_o
roger_kwok	roger_kwok
li_yuchun	li_yuchun
william_so	william_so
adolf_jahr	adolf_jahr
feng_xiaogang	feng_xiaogang
sarah-jane_potts	sarah-jane_potts
annie_liu	annie_liu
kayo_matsuo	kayo_matsuo
sadako_sawamura	sadako_sawamura
carter_stevens	carter_stevens
qin_yi	qin_yi
johnny_sekka	johnny_sekka
kira_kener	kira_kener
roddy_maude-roxby	roddy_maude-roxby
lo_lieh	lo_lieh
ning_jing	ning_jing
shelagh_fraser	shelagh_fraser
jade_ramsey	jade_ramsey
selena_tan	selena_tan
andy_on	andy_on
jay_chou	jay_chou
richard_lintern	richard_lintern
tyler_faith	tyler_faith
pierre_bellemare	pierre_bellemare
tera_patrick	tera_patrick
jinpachi_nezu	jinpachi_nezu
alexander_fu_sheng	alexander_fu_sheng
maggie_cheung	maggie_cheung
julie_cox	julie_cox
david_horovitch	david_horovitch
nathalie_lunghi	nathalie_lunghi
kanako_sakai	kanako_sakai
kitten_natividad	kitten_natividad
linzi_drew	linzi_drew
sally_rogers	sally_rogers
sandra_payne	sandra_payne
terri_kwan	terri_kwan
winston_chao	winston_chao
hou_hsiao-hsien	hou_hsiao-hsien
emmanuel_mouret	emmanuel_mouret
barry_howard	barry_howard
wong_li-lin	wong_li-lin
rita_faltoyano	rita_faltoyano
karen_mayo-chandler	karen_mayo-chandler
gordon_liu	gordon_liu
ann-sofie_kylin	ann-sofie_kylin
dru_berrymore	dru_berrymore
ben_webster_(actor)	ben_webster_(actor)
cavan_clerkin	cavan_clerkin
derek_tsang	derek_tsang
miki_mizuasa	miki_mizuasa
chesty_morgan	chesty_morgan
monika_kaelin	monika_kaelin
anders_henrikson	anders_henrikson
cornell_john	cornell_john
yoko_tsukasa	yoko_tsukasa
cyndi_wang	cyndi_wang
mavis_fan	mavis_fan
simon_lack	simon_lack
cheung_tat-ming	cheung_tat-ming
dunia_montenegro	dunia_montenegro
miki_sugimoto	miki_sugimoto
johan_paulik	johan_paulik
lo_mang	lo_mang
nanami_sakuraba	nanami_sakuraba
jack_kao	jack_kao
lux_kassidy	lux_kassidy
mew_azama	mew_azama
terence_longdon	terence_longdon
raghu_babu	raghu_babu
gabriella_hall	gabriella_hall
mona_malm	mona_malm
brian_surewood	brian_surewood
donnelly_rhodes	donnelly_rhodes
marie_ault	marie_ault
reginald_long	reginald_long
don_li	don_li
janice_man	janice_man
sandra_ng	sandra_ng
pierre_palmade	pierre_palmade
bernard_musson	bernard_musson
liu_xiaoqing	liu_xiaoqing
patricia_plunkett	patricia_plunkett
fumie_hosokawa	fumie_hosokawa
anne_heung	anne_heung
roy_emerton	roy_emerton
chasey_lain	chasey_lain
eric_christmas	eric_christmas
harry_locke	harry_locke
wylie_watson	wylie_watson
liu_tao	liu_tao
eri_ishida	eri_ishida
hao_lei	hao_lei
caroline_lee-johnson	caroline_lee-johnson
henry_thia	henry_thia
clive_morton	clive_morton
yoyo_chen	yoyo_chen
joseph_chang	joseph_chang
jiro_wang	jiro_wang
ashlyn_gere	ashlyn_gere
rebecca_lord	rebecca_lord
harry_s._morgan	harry_s._morgan
olivier_marchal	olivier_marchal
carina_lau	carina_lau
ayumi_beppu	ayumi_beppu
peter_ho	peter_ho
david_chiang	david_chiang
aurora_snow	aurora_snow
katsunosuke_hori	katsunosuke_hori
stephen_au	stephen_au
edna_best	edna_best
dominic_lam	dominic_lam
barry_mackay_(actor)	barry_mackay_(actor)
nozomu_sasaki	nozomu_sasaki
ayumi_shigemori	ayumi_shigemori
alisha_klass	alisha_klass
danny_mountain	danny_mountain
bambi_woods	bambi_woods
eric_tsang	eric_tsang
lena_nyman	lena_nyman
louisa_moritz	louisa_moritz
gerd_andersson	gerd_andersson
fukumi_kuroda	fukumi_kuroda
eileen_yeow	eileen_yeow
shinobu_otake	shinobu_otake
joyce_tang	joyce_tang
roxane_duran	roxane_duran
hisaya_morishige	hisaya_morishige
shinji_kawada	shinji_kawada
savanna_samson	savanna_samson
clare-hope_ashitey	clare-hope_ashitey
carmella_bing	carmella_bing
