minor_tactics_of_the_chalk_stream	minor_tactics_of_the_chalk_stream
rachel's_tears	rachel's_tears
tribulation_force	tribulation_force
the_wide_window	the_wide_window
trying_to_save_piggy_sneed	trying_to_save_piggy_sneed
the_rainbird_pattern	the_rainbird_pattern
the_cult_of_mac_(book)	the_cult_of_mac_(book)
prince_caspian	prince_caspian
earthborn	earthborn
wielding_a_red_sword	wielding_a_red_sword
the_festival_of_san_joaquin	the_festival_of_san_joaquin
traitor_(star_wars_novel)	traitor_(star_wars_novel)
the_scorpio_illusion	the_scorpio_illusion
the_scorpio_illusion	the_road_to_wellville
the_scorpio_illusion	political_liberalism
tales_from_the_empire	tales_from_the_empire
not_without_my_husband	not_without_my_husband
feast_of_souls	feast_of_souls
the_mask_of_cthulhu	the_mask_of_cthulhu
the_jade_trilogy	the_jade_trilogy
sula_(novel)	sula_(novel)
the_black_curtain	the_black_curtain
virtuous_leadership	virtuous_leadership
the_lost_years_of_merlin	the_lost_years_of_merlin
the_inner_circle_(novel)	the_inner_circle_(novel)
riders_in_the_chariot	riders_in_the_chariot
dave_barry_in_cyberspace	dave_barry_in_cyberspace
the_devil's_advocate_(morris_west_novel)	the_devil's_advocate_(morris_west_novel)
the_eyes_of_the_dragon	the_eyes_of_the_dragon
the_ghost_writer	the_ghost_writer
welcome_to_the_monkey_house	welcome_to_the_monkey_house
the_symbolic_species	the_symbolic_species
marked_by_fire	marked_by_fire
outrageous_betrayal	outrageous_betrayal
a_home_at_the_end_of_the_world	a_home_at_the_end_of_the_world
the_regime_(novel)	the_regime_(novel)
the_curious_incident_of_the_dog_in_the_night-time	the_curious_incident_of_the_dog_in_the_night-time
five_patients	five_patients
the_twins_(novel)	the_twins_(novel)
the_limits_to_growth	the_limits_to_growth
the_stars'_tennis_balls	the_stars'_tennis_balls
the_sandcastle_(novel)	the_sandcastle_(novel)
everything_that_rises_must_converge	everything_that_rises_must_converge
the_krytos_trap	the_krytos_trap
river_out_of_eden	river_out_of_eden
the_final_key	the_final_key
shadow_divers	shadow_divers
how_children_fail	how_children_fail
darksaber	darksaber
peril_at_end_house	peril_at_end_house
07_seconds_or_less	07_seconds_or_less
the_ghost_map	the_ghost_map
the_vile_village	the_vile_village
tuulihaukka	tuulihaukka
miss_america_(book)	miss_america_(book)
follett's_modern_american_usage	follett's_modern_american_usage
a_river_runs_through_it_(novel)	a_river_runs_through_it_(novel)
possession_(byatt_novel)	possession_(byatt_novel)
just_in_case	just_in_case
dark_things	dark_things
eight_tales	eight_tales
spencerville_(novel)	spencerville_(novel)
follow_the_rabbit-proof_fence	follow_the_rabbit-proof_fence
n-space_(short_story_collection)	n-space_(short_story_collection)
flash_(novel)	flash_(novel)
the_one_tree	the_one_tree
the_honorary_consul	the_honorary_consul
prometheus_rising	prometheus_rising
the_idea_of_perfection	the_idea_of_perfection
no_coins,_please	no_coins,_please
a_year_with_swollen_appendices	a_year_with_swollen_appendices
turn_the_other_chick	turn_the_other_chick
a_person_of_interest_(novel)	a_person_of_interest_(novel)
eager_(novel)	eager_(novel)
point_blanc	point_blanc
dorothy_vernon_of_haddon_hall	dorothy_vernon_of_haddon_hall
howards_end	howards_end
the_psychology_of_the_simpsons	the_psychology_of_the_simpsons
the_long_winter_(novel)	the_long_winter_(novel)
lovecraft_remembered	lovecraft_remembered
the_serpent_on_the_crown	the_serpent_on_the_crown
crashing_the_gate	crashing_the_gate
a_golden_anniversary_bibliography_of_edgar_rice_burroughs	a_golden_anniversary_bibliography_of_edgar_rice_burroughs
the_lonely_silver_rain	the_lonely_silver_rain
time_to_say_hello	time_to_say_hello
the_fire-eaters	the_fire-eaters
l.a._confidentiel	l.a._confidentiel
by_royal_command	by_royal_command
the_book_of_ruth_(novel)	the_book_of_ruth_(novel)
taking_pictures_(novel)	taking_pictures_(novel)
enduring_love	enduring_love
malafrena	malafrena
the_truth_about_muhammad	the_truth_about_muhammad
no_more_dead_dogs	no_more_dead_dogs
alamut_series	alamut_series
the_human_stain	the_human_stain
into_a_dark_realm	into_a_dark_realm
white_mughals	white_mughals
blind_faith_(book)	another_gospel
little_mouse's_big_book_of_fears	little_mouse's_big_book_of_fears
an_inconvenient_book	an_inconvenient_book
die_nigger_die!	die_nigger_die!
interventions	interventions
secret_of_the_andes	secret_of_the_andes
an_april_shroud	an_april_shroud
a_supposedly_fun_thing_i'll_never_do_again	a_supposedly_fun_thing_i'll_never_do_again
the_martian_sphinx	the_martian_sphinx
thriller_(book)	thriller_(book)
the_teachings_of_don_juan	the_teachings_of_don_juan
shadow_of_a_bull	shadow_of_a_bull
call_it_courage	call_it_courage
marvin_k._mooney_will_you_please_go_now!	marvin_k._mooney_will_you_please_go_now!
on_ayn_rand	on_ayn_rand
freedom_from_the_known	freedom_from_the_known
the_shadow_line	the_shadow_line
the_maytrees	the_maytrees
star_of_the_guardians	star_of_the_guardians
the_case_against_barack_obama	the_case_against_barack_obama
a_tangled_web	a_tangled_web
m33_in_andromeda	m33_in_andromeda
the_phantom_public	the_phantom_public
the_queen's_nose	the_queen's_nose
codex_seraphinianus	codex_seraphinianus
bad_girls_(voigt_novel)	bad_girls_(voigt_novel)
donald_duk	donald_duk
mary_reilly_(novel)	mary_reilly_(novel)
vale_of_the_vole	vale_of_the_vole
rush_to_judgment	rush_to_judgment
a_mixture_of_frailties	a_mixture_of_frailties
the_stranger_beside_me	the_stranger_beside_me
the_perfect_thing	the_perfect_thing
storm_(novella)	storm_(novella)
a_world_lit_only_by_fire	a_world_lit_only_by_fire
return_to_mars	return_to_mars
the_girl_in_a_swing	the_girl_in_a_swing
armageddon_in_retrospect	armageddon_in_retrospect
camber_of_culdi_(novel)	camber_of_culdi_(novel)
the_flamingo's_smile	the_flamingo's_smile
an_invitation_to_the_white_house	an_invitation_to_the_white_house
aunt_jane's_nieces_in_society	aunt_jane's_nieces_in_society
elusive_isabel	elusive_isabel
the_king's_buccaneer	the_king's_buccaneer
the_woman_warrior	the_woman_warrior
lifeblood_(novel)	lifeblood_(novel)
patriot_games	patriot_games
a_dog's_tale	a_dog's_tale
the_spook's_apprentice	the_spook's_apprentice
the_black_tattoo	the_black_tattoo
skywriting_by_word_of_mouth	skywriting_by_word_of_mouth
atlantean_chronicles	atlantean_chronicles
sand_monkeys	sand_monkeys
to_be_or_not_to_bop	to_be_or_not_to_bop
black_sun_rising	black_sun_rising
an_inconvenient_woman	an_inconvenient_woman
harm_done	harm_done
the_reptile_room	the_reptile_room
shadow_forest	shadow_forest
tartarin_of_tarascon	tartarin_of_tarascon
the_slippery_slope	the_slippery_slope
finding_violet_park	finding_violet_park
barrel_fever	barrel_fever
memories_of_ice	memories_of_ice
one_day_(novel)	one_day_(novel)
blood_beast	blood_beast
the_dead_man's_knock	the_dead_man's_knock
greyhawk_(supplement)	greyhawk_(supplement)
the_new_canada	the_new_canada
twice-told_tales	twice-told_tales
a_painted_house	a_painted_house
travels_with_my_aunt	travels_with_my_aunt
cebu_(novel)	cebu_(novel)
the_dirt	the_dirt
the_aquitaine_progression	the_aquitaine_progression
principles_of_political_economy	principles_of_political_economy
the_fifth_woman	the_fifth_woman
ordinary_people_(novel)	ordinary_people_(novel)
the_search_for_roots	the_search_for_roots
nightrise	nightrise
the_code_of_romulus	the_code_of_romulus
sure_of_you	sure_of_you
revenge_of_the_lawn	revenge_of_the_lawn
the_invisible_man	the_invisible_man
the_mammaries_of_the_welfare_state	the_mammaries_of_the_welfare_state
the_in-between_world_of_vikram_lall	the_in-between_world_of_vikram_lall
fire_on_the_mountain_(abbey_novel)	fire_on_the_mountain_(abbey_novel)
interlopers	interlopers
the_road_of_bones	the_road_of_bones
illywhacker	illywhacker
feather_boy	feather_boy
city_of_joy	city_of_joy
fantasmagoriana	fantasmagoriana
maestro_(novel)	maestro_(novel)
scarlet_dream	scarlet_dream
animal,_vegetable,_miracle	animal,_vegetable,_miracle
animal,_vegetable,_miracle	28_(book)
the_feather_men	ripley_under_water
son_of_the_shadows	son_of_the_shadows
the_mandelbaum_gate	the_mandelbaum_gate
of_grammatology	of_grammatology
the_wrong_doyle	the_wrong_doyle
in_the_king's_service	in_the_king's_service
the_haunting_(mahy_novel)	the_haunting_(mahy_novel)
the_book_of_ebenezer_le_page	the_book_of_ebenezer_le_page
sideways_arithmetic_from_wayside_school	sideways_arithmetic_from_wayside_school
all_music_guide_to_the_blues	all_music_guide_to_the_blues
the_ozmapolitan_of_oz	the_ozmapolitan_of_oz
death_of_a_dissident	death_of_a_dissident
awakenings_(book)	awakenings_(book)
the_secret_river	the_secret_river
the_teenage_liberation_handbook	the_teenage_liberation_handbook
the_quest_for_saint_camber	the_quest_for_saint_camber
the_day_of_the_dinosaur	the_day_of_the_dinosaur
the_ruins_of_gorlan	the_ruins_of_gorlan
ever_since_darwin	ever_since_darwin
epicenter_(book)	epicenter_(book)
rogue_ship	rogue_ship
partial_portraits	partial_portraits
dragon_rider_(novel)	dragon_rider_(novel)
a_kid_for_two_farthings	a_kid_for_two_farthings
the_areas_of_my_expertise	the_areas_of_my_expertise
the_sweetest_fig	the_sweetest_fig
the_sweetest_fig	dogzilla_(picture_book)
the_sweetest_fig	the_night_at_the_museum
all_fall_down_(novel)	all_fall_down_(novel)
blue_willow	blue_willow
the_dragons_of_eden	the_dragons_of_eden
the_case_for_israel	the_case_for_israel
die_feuerzangenbowle	die_feuerzangenbowle
cult_movies_(book)	cult_movies_(book)
a_useless_death	a_useless_death
the_compass_of_zen	the_compass_of_zen
an_unkindness_of_ravens	an_unkindness_of_ravens
a_modern_utopia	a_modern_utopia
the_cutting_edge_(novel)	the_cutting_edge_(novel)
the_apprenticeship_of_duddy_kravitz_(novel)	the_apprenticeship_of_duddy_kravitz_(novel)
erak's_ransom	erak's_ransom
the_lexicon_of_comicana	the_lexicon_of_comicana
incendiary_(novel)	incendiary_(novel)
incandescence_(novel)	incandescence_(novel)
the_wounded_land	the_wounded_land
royal_exile	royal_exile
planet_of_twilight	planet_of_twilight
the_white_mercedes	the_white_mercedes
clear_body,_clear_mind	clear_body,_clear_mind
the_hamlet	the_hamlet
path_to_truth	path_to_truth
the_alexandria_link	the_alexandria_link
the_little_school	the_little_school
high_deryni	high_deryni
star_science_fiction_stories_no.1	star_science_fiction_stories_no.1
dread_brass_shadows	dread_brass_shadows
florida's_shipwrecks	florida's_shipwrecks
exile's_gate	exile's_gate
the_early_ayn_rand	the_early_ayn_rand
leave_it_to_psmith	leave_it_to_psmith
the_werewolf_of_paris	the_werewolf_of_paris
the_whaleboat_house	the_whaleboat_house
eyo_(novel)	eyo_(novel)
the_origins_of_virtue	the_origins_of_virtue
song_of_the_birds_(book)	song_of_the_birds_(book)
blood_music_(novel)	blood_music_(novel)
the_thief_queen's_daughter	the_thief_queen's_daughter
the_time_of_infinity	the_time_of_infinity
the_genius_of_america	the_genius_of_america
nightmares_&_dreamscapes	nightmares_&_dreamscapes
exile_(star_wars_novel)	exile_(star_wars_novel)
great_cities_of_the_ancient_world	great_cities_of_the_ancient_world
colossus_(collection)	colossus_(collection)
things_a_computer_scientist_rarely_talks_about	things_a_computer_scientist_rarely_talks_about
a_pinch_of_snuff	a_pinch_of_snuff
critique_of_dialectical_reason	critique_of_dialectical_reason
the_failure_of_the_new_economics	the_failure_of_the_new_economics
the_purple_decades	the_purple_decades
the_hidden_harbor_mystery	the_hidden_harbor_mystery
funny_boy	funny_boy
teachings_of_the_prophet_joseph_smith_(book)	teachings_of_the_prophet_joseph_smith_(book)
skeleton_key_(novel)	skeleton_key_(novel)
lost_continents	lost_continents
the_cuckoo's_egg	the_cuckoo's_egg
the_deep_end_of_the_ocean	the_deep_end_of_the_ocean
best_word_book_ever	best_word_book_ever
nymphomation	nymphomation
the_commanding_heights	the_commanding_heights
chernevog	chernevog
a_garden_of_earthly_delights	a_garden_of_earthly_delights
the_eiger_sanction	the_eiger_sanction
thrill-power_overload	thrill-power_overload
cop_this!	cop_this!
the_harlan_ellison_hornbook	the_harlan_ellison_hornbook
tales_beyond_time	tales_beyond_time
mao's_last_dancer_(book)	mao's_last_dancer_(book)
the_language_instinct	the_language_instinct
my_dark_places_(book)	my_dark_places_(book)
heavier_than_heaven	heavier_than_heaven
the_stuff_of_thought	the_stuff_of_thought
the_story_of_science_in_america	the_story_of_science_in_america
the_fourth_hand	the_fourth_hand
under_plum_lake	under_plum_lake
energy_work	energy_work
arthur_&_george	arthur_&_george
cold_heaven_(novel)	cold_heaven_(novel)
final_exit	final_exit
the_riders	the_riders
consciousness_explained	consciousness_explained
the_arrows_of_hercules	the_arrows_of_hercules
1776_(book)	1776_(book)
smart_mobs	smart_mobs
a_random_walk_down_wall_street	a_random_walk_down_wall_street
disordered_minds	disordered_minds
evolution_of_the_vertebrates	evolution_of_the_vertebrates
bloody_bones_(novel)	bloody_bones_(novel)
a_tenured_professor	a_tenured_professor
dans_l'enfer_des_tournantes	dans_l'enfer_des_tournantes
leroni_of_darkover	leroni_of_darkover
life_after_god	life_after_god
the_discomfort_zone	the_discomfort_zone
only_a_trillion	only_a_trillion
gods_behaving_badly	gods_behaving_badly
the_attack_(animorphs)	the_attack_(animorphs)
the_meme_machine	the_meme_machine
remembering_babylon	remembering_babylon
year's_best_sf_4	year's_best_sf_4
the_selfish_gene	the_selfish_gene
the_bridge_at_no_gun_ri	the_bridge_at_no_gun_ri
sexual_politics	sexual_politics
the_boy_who_lost_his_face	the_boy_who_lost_his_face
the_greatest_salesman_in_the_world	the_greatest_salesman_in_the_world
lady_oracle	lady_oracle
word_of_honor_(novel)	word_of_honor_(novel)
one_million_a.d.	one_million_a.d.
a_long_short_war	a_long_short_war
the_fabled_fourth_graders_of_aesop_elementary_school	the_fabled_fourth_graders_of_aesop_elementary_school
loser_(novel)	loser_(novel)
blind_willow,_sleeping_woman	blind_willow,_sleeping_woman
the_last_town_on_earth	the_last_town_on_earth
so_long_been_dreaming	so_long_been_dreaming
the_falls_(rankin_novel)	the_falls_(rankin_novel)
the_dragon_of_the_ishtar_gate	the_dragon_of_the_ishtar_gate
a_prayer_for_owen_meany	a_prayer_for_owen_meany
steering_the_craft	steering_the_craft
revenant_(buffy_novel)	revenant_(buffy_novel)
mortal_fear_(novel)	mortal_fear_(novel)
v_(the_second_generation)	v_(the_second_generation)
death_in_the_clouds	death_in_the_clouds
the_firework-maker's_daughter	the_firework-maker's_daughter
the_lightning_thief	the_lightning_thief
bones_of_the_hills	bones_of_the_hills
the_fern_tattoo	the_fern_tattoo
marchers_of_valhalla	marchers_of_valhalla
eldorado_(novel)	eldorado_(novel)
portnoy's_complaint	portnoy's_complaint
the_guns_of_normandy	the_guns_of_normandy
dark_apprentice	dark_apprentice
a_masculine_ending	a_masculine_ending
the_48_laws_of_power	the_48_laws_of_power
passage_(bujold_novel)	passage_(bujold_novel)
the_varieties_of_religious_experience	the_varieties_of_religious_experience
haukka,_minun_rakkaani	haukka,_minun_rakkaani
the_right_attitude_to_rain	the_right_attitude_to_rain
the_lunatic_cafe	the_lunatic_cafe
the_journal_of_arthur_stirling	the_journal_of_arthur_stirling
april_lady	april_lady
alida's_song	alida's_song
daughter_of_the_empire	daughter_of_the_empire
monsignor_quixote	monsignor_quixote
corduroy_mansions	corduroy_mansions
cats_of_the_clans	cats_of_the_clans
only_a_theory	only_a_theory
times_square_red,_times_square_blue	times_square_red,_times_square_blue
the_grass_harp	the_grass_harp
the_hiding_place_(biography)	the_hiding_place_(biography)
visitors_from_london	visitors_from_london
appaloosa_(novel)	appaloosa_(novel)
the_pleasure_of_finding_things_out	the_pleasure_of_finding_things_out
restoring_the_lost_constitution	restoring_the_lost_constitution
the_poetics_of_space	the_poetics_of_space
the_troll	the_troll
the_little_walls	the_little_walls
the_face_of_fear	the_face_of_fear
something_special_(short_story)	something_special_(short_story)
reserved_for_the_cat	reserved_for_the_cat
the_search_for_the_dice_man	the_search_for_the_dice_man
still_life_with_woodpecker	still_life_with_woodpecker
the_saracen	the_saracen
trevayne	trevayne
eat,_pray,_love	eat,_pray,_love
the_golden_one	the_golden_one
help_at_any_cost	help_at_any_cost
the_way_to_rainy_mountain	the_way_to_rainy_mountain
taken_(novel)	taken_(novel)
children_of_tomorrow	children_of_tomorrow
warhol-o-rama	warhol-o-rama
bless_you_boys	bless_you_boys
the_long_hard_road_out_of_hell	the_long_hard_road_out_of_hell
the_hound_of_death	the_hound_of_death
soldier_boys	soldier_boys
desert_solitaire	desert_solitaire
the_hipster_handbook	the_hipster_handbook
the_suspicion_(animorphs)	the_suspicion_(animorphs)
ciske_de_rat	ciske_de_rat
good_masters!_sweet_ladies!	good_masters!_sweet_ladies!
how_doctors_think	how_doctors_think
an_elephant_for_aristotle	an_elephant_for_aristotle
sunneva_keisarin_kaupungissa	sunneva_keisarin_kaupungissa
crossing_the_river	the_wives_of_bath
crossing_the_river	crossing_the_river
a_light_in_the_attic	a_light_in_the_attic
assassin's_apprentice	assassin's_apprentice
sandry's_book	sandry's_book
wild_law	wild_law
flashbacks_(book)	flashbacks_(book)
the_elegance_of_the_hedgehog	the_elegance_of_the_hedgehog
prime_evil_(anthology)	prime_evil_(anthology)
wonderful_life_(book)	wonderful_life_(book)
a_solitary_grief	fates_worse_than_death
a_solitary_grief	a_solitary_grief
a_solitary_grief	the_secret_of_the_universe
a_solitary_grief	memories_with_food_at_gipsy_house
dermaphoria	dermaphoria
the_cat_who_had_60_whiskers	the_cat_who_had_60_whiskers
alternate_realities_(cherryh)	alternate_realities_(cherryh)
voyage_from_yesteryear	voyage_from_yesteryear
saint_genet	saint_genet
the_legend_of_luke	the_legend_of_luke
inherent_vice	inherent_vice
language_made_plain	language_made_plain
talking_it_over	talking_it_over
in_the_grip_of_winter	in_the_grip_of_winter
old_tin_sorrows	old_tin_sorrows
anil's_ghost	anil's_ghost
wolf_moon_(novel)	wolf_moon_(novel)
never_at_war	never_at_war
father_of_lies	father_of_lies
five_hundred_years_after	five_hundred_years_after
sweeney_astray	sweeney_astray
bloodthirst_(novel)	bloodthirst_(novel)
the_closing_of_the_american_mind	the_closing_of_the_american_mind
personal_recollections_of_joan_of_arc	personal_recollections_of_joan_of_arc
woodsong	woodsong
science_fiction_terror_tales	science_fiction_terror_tales
the_anatomy_of_dependence	the_anatomy_of_dependence
fear_is_the_key	fear_is_the_key
funding_evil	funding_evil
the_house_of_god	the_house_of_god
bazaar_of_the_bizarre_(collection)	bazaar_of_the_bizarre_(collection)
a_house-boat_on_the_styx	a_house-boat_on_the_styx
the_road_to_serfdom	the_road_to_serfdom
golden_cities,_far	golden_cities,_far
the_coldest_winter_ever	the_coldest_winter_ever
flip-flop_girl	flip-flop_girl
if_morning_ever_comes	if_morning_ever_comes
the_armchair_economist	the_armchair_economist
the_world_is_flat	the_world_is_flat
the_lazy_man's_guide_to_enlightenment	the_lazy_man's_guide_to_enlightenment
the_silent_gondoliers	the_silent_gondoliers
parallel_worlds_(book)	parallel_worlds_(book)
mitchell_report	mitchell_report
youth_in_revolt	youth_in_revolt
son_of_interflux	son_of_interflux
i_am_wings	i_am_wings
the_post-american_world	the_post-american_world
the_standard_code_of_parliamentary_procedure	the_standard_code_of_parliamentary_procedure
the_conan_chronicles_(robert_jordan)	the_conan_chronicles_(robert_jordan)
tehelka_as_metaphor	tehelka_as_metaphor
the_second_sex	the_second_sex
line_war	line_war
clean_break_(novel)	clean_break_(novel)
the_ruins_(novel)	the_ruins_(novel)
the_extended_phenotype	the_extended_phenotype
royal_assassin	royal_assassin
washington_square_(novel)	washington_square_(novel)
the_story_of_tracy_beaker	the_story_of_tracy_beaker
the_dark_rival	the_dark_rival
the_false_inspector_dew	the_false_inspector_dew
and_the_devil_will_drag_you_under	and_the_devil_will_drag_you_under
such_a_long_journey_(novel)	such_a_long_journey_(novel)
people_of_the_river	people_of_the_river
sins_of_the_father_(buffy_novel)	sins_of_the_father_(buffy_novel)
k._(novel)	k._(novel)
letting_go_(novel)	letting_go_(novel)
child_of_the_prophecy	child_of_the_prophecy
felidae_(novel)	sure_of_you
felidae_(novel)	felidae_(novel)
salmonella_men_on_planet_porno	salmonella_men_on_planet_porno
outside_providence	outside_providence
the_woman_who_walked_into_doors	the_woman_who_walked_into_doors
wikinomics	wikinomics
the_volcano_lover	the_volcano_lover
the_white_gryphon	the_white_gryphon
daughter_of_the_forest	daughter_of_the_forest
the_rowan	the_rowan
the_mambo_kings_play_songs_of_love	the_mambo_kings_play_songs_of_love
lady_audley's_secret	lady_audley's_secret
crimson_joy	crimson_joy
higher-order_perl	higher-order_perl
ol'_man_adam_an'_his_chillun	ol'_man_adam_an'_his_chillun
so_yesterday_(novel)	so_yesterday_(novel)
penguin_(book)	penguin_(book)
looking_for_mr._goodbar	looking_for_mr._goodbar
a_summer_place	a_summer_place
the_return_of_the_dancing_master	the_return_of_the_dancing_master
the_meaning_of_things	the_meaning_of_things
the_phantom_of_manhattan	the_phantom_of_manhattan
marshfield_dreams	marshfield_dreams
here_comes_everybody	here_comes_everybody
the_source_of_magic	the_source_of_magic
surely_you're_joking,_mr._feynman!	surely_you're_joking,_mr._feynman!
different_seasons	different_seasons
bitter_gold_hearts	bitter_gold_hearts
tuva_or_bust!	tuva_or_bust!
aunt_jane's_nieces_at_work	aunt_jane's_nieces_at_work
ambidextrous_(novel)	ambidextrous_(novel)
bellarion_the_fortunate	bellarion_the_fortunate
spock_must_die!	spock_must_die!
death_is_now_my_neighbour	the_daughters_of_cain
death_is_now_my_neighbour	death_is_now_my_neighbour
the_muses_are_heard	the_muses_are_heard
the_bunker_(book)	the_bunker_(book)
a_midsummer's_nightmare_(novel)	a_midsummer's_nightmare_(novel)
one-dimensional_man	one-dimensional_man
wheelock's_latin	wheelock's_latin
the_last_command_(novel)	the_last_command_(novel)
planets_of_adventure	planets_of_adventure
the_skies_of_pern	the_skies_of_pern
realtime_interrupt	realtime_interrupt
camber_the_heretic	camber_the_heretic
babel_(book)	babel_(book)
acceptable_risk	acceptable_risk
the_tenth_circle	the_tenth_circle
cults_of_unreason	cults_of_unreason
the_great_cow_race	the_great_cow_race
leaf_in_a_bitter_wind	leaf_in_a_bitter_wind
the_ethos_effect	the_ethos_effect
sophie's_world	sophie's_world
when_she_was_good	when_she_was_good
death_in_the_afternoon	death_in_the_afternoon
fig_pudding	fig_pudding
everybody_loves_a_good_drought	everybody_loves_a_good_drought
summer_of_my_german_soldier	summer_of_my_german_soldier
the_mislaid_charm	the_mislaid_charm
the_mask_(novel)	the_mask_(novel)
the_aware	the_aware
i_have_landed	i_have_landed
a_bell_for_adano_(novel)	a_bell_for_adano_(novel)
beyond_civilization	beyond_civilization
the_conscience_of_a_liberal	the_conscience_of_a_liberal
pagan_babies	pagan_babies
a_murder_in_virginia	a_murder_in_virginia
dog_wizard	dog_wizard
commonwealth_(novel)	commonwealth_(novel)
wayside_school_gets_a_little_stranger	wayside_school_gets_a_little_stranger
the_vanishers	the_vanishers
then_there_were_five	then_there_were_five
a_walk_on_the_wild_side	a_walk_on_the_wild_side
science-fantasy_quintette	science-fantasy_quintette
a_book_of_giants	a_book_of_giants
ekattorer_dingulee	ekattorer_dingulee
friends,_lovers,_chocolate	friends,_lovers,_chocolate
the_population_bomb	the_population_bomb
cults_in_our_midst	cults_in_our_midst
canto_general	canto_general
ambassador_morgenthau's_story	ambassador_morgenthau's_story
the_mirador_(novel)	the_mirador_(novel)
end_of_the_spear_(book)	end_of_the_spear_(book)
murder_house	murder_house
antic_hay	antic_hay
figments_of_reality	figments_of_reality
dragon_war	dragon_war
white_fang	white_fang
the_meaning_of_liff	the_meaning_of_liff
myths_of_the_near_future	myths_of_the_near_future
dekada_'70_(novel)	dekada_'70_(novel)
shadow_of_the_hegemon	shadow_of_the_hegemon
the_penelopiad	the_penelopiad
the_bonehunters	the_bonehunters
animal_(book)	animal_(book)
the_metatemporal_detective	the_metatemporal_detective
young_adam	young_adam
in_the_winter_dark	in_the_winter_dark
caine_black_knife	caine_black_knife
pied_piper_of_lovers	pied_piper_of_lovers
the_carnivorous_carnival	the_carnivorous_carnival
sweet_sixteen_(buffy_novel)	sweet_sixteen_(buffy_novel)
putin's_progress	putin's_progress
all_the_shah's_men	all_the_shah's_men
transdimensional_teenage_mutant_ninja_turtles	transdimensional_teenage_mutant_ninja_turtles
hangfire	hangfire
twenty-six_(novel)	twenty-six_(novel)
fantasy_twin	fantasy_twin
another_kind_of_monday	another_kind_of_monday
white_gold_wielder	white_gold_wielder
apocalypso_(novel)	apocalypso_(novel)
what_we_believe_but_cannot_prove	what_we_believe_but_cannot_prove
the_accidental_tourist	the_accidental_tourist
ghost_soldiers	ghost_soldiers
the_innocent_(mcewan_novel)	the_innocent_(mcewan_novel)
the_gang_that_couldn't_shoot_straight	the_gang_that_couldn't_shoot_straight
ender_in_exile	ender_in_exile
the_pleasures_of_japanese_literature	the_pleasures_of_japanese_literature
de_revolutionibus_orbium_coelestium	de_revolutionibus_orbium_coelestium
budding_prospects	budding_prospects
miss_hickory	miss_hickory
clockwork_(novel)	clockwork_(novel)
the_dark_side_(book)	the_dark_side_(book)
mormon_enigma	mormon_enigma
the_truth_about_forever	the_truth_about_forever
the_gum_thief	the_gum_thief
the_star_trek_encyclopedia	the_star_trek_encyclopedia
with_every_mistake	with_every_mistake
sparkling_cyanide	sparkling_cyanide
the_ties_that_bind_(star_wars)	the_ties_that_bind_(star_wars)
half_a_life_(novel)	half_a_life_(novel)
tripwire_(novel)	tripwire_(novel)
the_murder_on_the_links	the_murder_on_the_links
ecotopia_emerging	ecotopia_emerging
pirate_diary	pirate_diary
deryni_rising	deryni_rising
the_fatal_conceit	the_fatal_conceit
glue_(novel)	glue_(novel)
the_tide_knot	the_tide_knot
all_about_the_future	all_about_the_future
saippuaprinsessa	saippuaprinsessa
eagle_strike	eagle_strike
throat_sprockets	throat_sprockets
counting_the_eons	counting_the_eons
american_government_(textbook)	american_government_(textbook)
men_at_birth	men_at_birth
voyage_on_the_great_titanic	voyage_on_the_great_titanic
an_appeal_to_reason	an_appeal_to_reason
the_formation_of_vegetable_mould_through_the_action_of_worms	the_formation_of_vegetable_mould_through_the_action_of_worms
the_peaceful_pill_handbook	the_peaceful_pill_handbook
the_spell_(novel)	the_spell_(novel)
soziologie	soziologie
worlds_of_honor	worlds_of_honor
confessions_of_an_heiress	confessions_of_an_heiress
stellaluna	stellaluna
the_nasty_bits	the_nasty_bits
the_solid_mandala	the_solid_mandala
the_right_stuff_(book)	the_right_stuff_(book)
the_absolute_(animorphs)	the_absolute_(animorphs)
evolving_the_alien	evolving_the_alien
the_trouble_with_islam_today	the_trouble_with_islam_today
wintersmith	wintersmith
the_klingon_hamlet	the_klingon_hamlet
the_mismeasure_of_man	the_mismeasure_of_man
shallows	shallows
women_en_large	women_en_large
the_kingdom_of_the_wicked	the_kingdom_of_the_wicked
the_sparrow_(novel)	the_sparrow_(novel)
hover_car_racer	hover_car_racer
cover_up_(novel)	cover_up_(novel)
jock_of_the_bushveld	jock_of_the_bushveld
my_life_(golda_meir_autobiography)	my_life_(golda_meir_autobiography)
the_slave_community	the_slave_community
oyster_(novel)	oyster_(novel)
the_marxists	the_marxists
made_in_u.s.a._(novel)	made_in_u.s.a._(novel)
natural_capitalism	natural_capitalism
simple_genius	simple_genius
the_western_lands	the_western_lands
deadly_quicksilver_lies	deadly_quicksilver_lies
what_i_was	what_i_was
snow_falling_on_cedars	snow_falling_on_cedars
the_road_of_azrael	the_road_of_azrael
the_river_at_the_center_of_the_world	the_river_at_the_center_of_the_world
over_the_edge_(anthology)	over_the_edge_(anthology)
the_brotherhood_of_the_rose	the_brotherhood_of_the_rose
lake_wobegon_days	lake_wobegon_days
squire_(novel)	squire_(novel)
the_harvey_girls_(novel)	the_harvey_girls_(novel)
quadratic_(collection)	quadratic_(collection)
a_hole_in_space	a_hole_in_space
i_want_to_go_home	i_want_to_go_home
on_the_origin_of_species	on_the_origin_of_species
back_when_we_were_grownups	back_when_we_were_grownups
american_sphinx	american_sphinx
massacre_at_mountain_meadows	massacre_at_mountain_meadows
lords_of_the_bow	lords_of_the_bow
man_of_two_worlds	man_of_two_worlds
brittle_power	brittle_power
the_pleasure_of_the_text	the_pleasure_of_the_text
operation_red_jericho	operation_red_jericho
the_fallon_blood	the_fallon_blood
the_republican_noise_machine	the_republican_noise_machine
the_story_of_the_malakand_field_force	the_story_of_the_malakand_field_force
the_demigod_files	the_demigod_files
first_among_equals_(novel)	first_among_equals_(novel)
cujo	cujo
my_many_colored_days	my_many_colored_days
the_last_dream	the_last_dream
the_good_apprentice	the_good_apprentice
vaskilintu	vaskilintu
obsidian_butterfly	obsidian_butterfly
in_the_hand_of_the_goddess	in_the_hand_of_the_goddess
killing_mr._griffin	killing_mr._griffin
the_cay	the_cay
the_lions_of_al-rassan	the_lions_of_al-rassan
the_china_study	the_china_study
the_english_roses	the_english_roses
ekaveera	ekaveera
nocturnes_(book)	nocturnes_(book)
marabou_stork_nightmares	marabou_stork_nightmares
weird_shadows_over_innsmouth	weird_shadows_over_innsmouth
king_of_the_city	king_of_the_city
the_lies_of_locke_lamora	the_lies_of_locke_lamora
fear_no_evil_(book)	fear_no_evil_(book)
the_end_of_poverty	the_end_of_poverty
until_i_find_you	until_i_find_you
electronic_life	electronic_life
starquake_(novel)	starquake_(novel)
the_league_of_the_scarlet_pimpernel	the_league_of_the_scarlet_pimpernel
brass_man	brass_man
wings_of_wrath	wings_of_wrath
hotel_world	hotel_world
the_ambassadors	the_ambassadors
courting_justice	courting_justice
the_evolution_of_cooperation	the_evolution_of_cooperation
the_ratzinger_report	the_ratzinger_report
biographical_dictionary_of_the_extreme_right_since_1890	biographical_dictionary_of_the_extreme_right_since_1890
elite_da_tropa	elite_da_tropa
other_worlds_than_ours	other_worlds_than_ours
clash_of_eagles	clash_of_eagles
wild_ducks_flying_backward	wild_ducks_flying_backward
the_dragon_knight	the_dragon_knight
the_thanksgiving_visitor	the_thanksgiving_visitor
the_war_of_the_roses_(novel)	the_war_of_the_roses_(novel)
macarthur_(novel)	macarthur_(novel)
the_enemy_of_my_enemy	the_enemy_of_my_enemy
old_school_(novel)	old_school_(novel)
photo_finish_(novel)	photo_finish_(novel)
the_bone_people	the_bone_people
mayhem_on_bear_creek	mayhem_on_bear_creek
mother_goose_in_prose	mother_goose_in_prose
the_art_of_seduction	the_art_of_seduction
game_over_(book)	game_over_(book)
that_rabbit_belongs_to_emily_brown	that_rabbit_belongs_to_emily_brown
the_war_in_2020	the_war_in_2020
the_titan_(collection)	the_titan_(collection)
a_charmed_life	a_charmed_life
redemption_song_(book)	redemption_song_(book)
the_hamilton_case	the_hamilton_case
the_wrecking_crew_(book)	the_wrecking_crew_(book)
speaking_of_jane_roberts	speaking_of_jane_roberts
flash_boys	flash_boys
double_or_die	double_or_die
on_the_road_to_kandahar	on_the_road_to_kandahar
child_of_the_hunt	child_of_the_hunt
purple_pirate	purple_pirate
more_information_than_you_require	more_information_than_you_require
against_happiness	against_happiness
hacker_culture	hacker_culture
drood_(novel)	drood_(novel)
blessed_is_the_fruit	blessed_is_the_fruit
ender's_shadow	ender's_shadow
memoirs_of_many_in_one	memoirs_of_many_in_one
ginger_(book)	ginger_(book)
airport_(novel)	airport_(novel)
the_turkish_gambit	the_turkish_gambit
in_search_of_the_la's	in_search_of_the_la's
the_book_of_lost_tales	the_book_of_lost_tales
inner_experience	inner_experience
the_lake_of_darkness	the_lake_of_darkness
miriam_(short_story)	miriam_(short_story)
strider_(novel)	strider_(novel)
helter_skelter_(book)	helter_skelter_(book)
the_memory_keeper's_daughter	the_memory_keeper's_daughter
bury_my_heart_at_wounded_knee	bury_my_heart_at_wounded_knee
firestar's_quest	firestar's_quest
first_love,_last_rites	first_love,_last_rites
legacy_(bujold_novel)	legacy_(bujold_novel)
the_anti-capitalistic_mentality	the_anti-capitalistic_mentality
the_burnt_ones	the_burnt_ones
the_decision_(animorphs)	the_decision_(animorphs)
confessions_of_a_video_vixen	confessions_of_a_video_vixen
critical_path_(book)	critical_path_(book)
a_thing_of_beauty	a_thing_of_beauty
half_life_(novel)	half_life_(novel)
divisadero_(novel)	divisadero_(novel)
necropolis_(horowitz_novel)	necropolis_(horowitz_novel)
what_remains_(book)	what_remains_(book)
moral_minds	moral_minds
deryni_checkmate	deryni_checkmate
loyalty_in_death	loyalty_in_death
iisalmen_serkku_ja_muita_kertomuksia	iisalmen_serkku_ja_muita_kertomuksia
dereliction_of_duty_(1997_book)	dereliction_of_duty_(1997_book)
venus_equilateral_(collection)	venus_equilateral_(collection)
intercourse_(book)	intercourse_(book)
dinner_party_(play)	dinner_party_(play)
too_far_to_go	too_far_to_go
atonement_(novel)	atonement_(novel)
the_pelican_brief	the_pelican_brief
the_sandman_(book)	the_sandman_(book)
children_playing_before_a_statue_of_hercules	children_playing_before_a_statue_of_hercules
your_heiress_diary	your_heiress_diary
monica's_story	monica's_story
icehenge	icehenge
a_simple_plan_(novel)	a_simple_plan_(novel)
a_simple_plan_(novel)	marion_zimmer_bradley's_darkover
resurrecting_ravana	resurrecting_ravana
jack_maggs	jack_maggs
the_prometheus_deception	the_prometheus_deception
king_leopold's_soliloquy	king_leopold's_soliloquy
sharpe's_eagle_(novel)	sharpe's_eagle_(novel)
jacob_have_i_loved	jacob_have_i_loved
poems_for_midnight	poems_for_midnight
the_wages_of_destruction	the_wages_of_destruction
the_wench_is_dead	the_wench_is_dead
the_great_smith_house_hustle	the_great_smith_house_hustle
skinner's_ghosts	skinner's_ghosts
childe_morgan	childe_morgan
science_of_survival	science_of_survival
how_steeple_sinderby_wanderers_won_the_f.a._cup	how_steeple_sinderby_wanderers_won_the_f.a._cup
everyman_(novel)	everyman_(novel)
pizza_kittens	pizza_kittens
captain's_fury	captain's_fury
the_secret_art_of_dr._seuss	the_secret_art_of_dr._seuss
music_for_chameleons	music_for_chameleons
hunter's_moon	hunter's_moon
paradise_(novel)	paradise_(novel)
i'm_off	i'm_off
always_outnumbered,_always_outgunned	always_outnumbered,_always_outgunned
the_winter_of_frankie_machine	the_winter_of_frankie_machine
the_treatment_(novel)	the_treatment_(novel)
a_journey_in_other_worlds	a_journey_in_other_worlds
life_on_the_mississippi	life_on_the_mississippi
on_the_mountain	on_the_mountain
the_words_(book)	the_words_(book)
three_roads_to_quantum_gravity	three_roads_to_quantum_gravity
defending_identity	defending_identity
rimrunners	rimrunners
the_early_asimov	the_early_asimov
woodcutters_(novel)	woodcutters_(novel)
hello,_harvest_moon	hello,_harvest_moon
the_edge_(novel)	the_edge_(novel)
dreams_of_steel	dreams_of_steel
the_firm_of_girdlestone	the_firm_of_girdlestone
the_nitrogen_fix	the_nitrogen_fix
last_drinks	last_drinks
a_philosophical_investigation	a_philosophical_investigation
lords_of_creation	lords_of_creation
the_end_(novel)	the_end_(novel)
tales_from_jabba's_palace	tales_from_jabba's_palace
eucalyptus_(novel)	eucalyptus_(novel)
understanding_consciousness	understanding_consciousness
the_further_chronicles_of_conan	the_further_chronicles_of_conan
julia's_kitchen_wisdom	julia's_kitchen_wisdom
the_sorcerer's_ship	the_sorcerer's_ship
the_innocent_mage	the_innocent_mage
following_the_equator	following_the_equator
the_forbidden_fountain_of_oz	the_forbidden_fountain_of_oz
the_bridge_at_andau	the_bridge_at_andau
the_gruffalo's_child	the_gruffalo's_child
basic_palaeontology	basic_palaeontology
the_deeds_of_the_disturber	the_deeds_of_the_disturber
red_earth,_white_lies	red_earth,_white_lies
the_battle_for_bond	the_battle_for_bond
the_salmon_of_doubt	the_salmon_of_doubt
godslayer	godslayer
deterring_democracy	deterring_democracy
the_hand_of_the_devil_(novel)	the_hand_of_the_devil_(novel)
the_million_pound_bank_note	the_million_pound_bank_note
callahan's_crosstime_saloon	callahan's_crosstime_saloon
black_coffee_blues	black_coffee_blues
click,_clack,_quackity-quack	click,_clack,_quackity-quack
man_on_the_moon_(book)	man_on_the_moon_(book)
all_our_yesterdays_(book)	all_our_yesterdays_(book)
book_of_the_dead_(memoir)	book_of_the_dead_(memoir)
girl_with_curious_hair	girl_with_curious_hair
keeper_(peet_novel)	keeper_(peet_novel)
green_fire_(novel)	green_fire_(novel)
a_long_way_gone	a_long_way_gone
the_bishop's_heir	the_bishop's_heir
a_word_child	a_word_child
dark_mirror_(star_trek_novel)	dark_mirror_(star_trek_novel)
ug_(book)	ug_(book)
the_ends_of_the_earth_(shepard_stories)	the_ends_of_the_earth_(shepard_stories)
the_innocents_abroad	the_innocents_abroad
the_ice_storm	the_ice_storm
doctor_fischer_of_geneva	doctor_fischer_of_geneva
the_dream_master	the_dream_master
once_upon_a_nightwish	once_upon_a_nightwish
the_hidden_valley_of_oz	the_hidden_valley_of_oz
the_human_factor	the_human_factor
some_tame_gazelle	some_tame_gazelle
devil_to_the_belt	devil_to_the_belt
narcissus_in_chains	narcissus_in_chains
one_more_for_the_road	one_more_for_the_road
cold_copper_tears	cold_copper_tears
how_to_be_cool	how_to_be_cool
the_cambridge_grammar_of_the_english_language	the_cambridge_grammar_of_the_english_language
journey_to_ixtlan	journey_to_ixtlan
the_test_(animorphs)	the_test_(animorphs)
river_secrets	river_secrets
king_kelson's_bride	king_kelson's_bride
my_life_as_a_fake	my_life_as_a_fake
shadows_return	shadows_return
wild_magic	wild_magic
paleo_(buffy_novel)	paleo_(buffy_novel)
brethren_(novel)	brethren_(novel)
arrowsmith_(novel)	arrowsmith_(novel)
waiting_for_the_mahatma	waiting_for_the_mahatma
ancient,_my_enemy	ancient,_my_enemy
american_fascists	american_fascists
native_tongue_(carl_hiaasen_novel)	native_tongue_(carl_hiaasen_novel)
harvest_home_(novel)	harvest_home_(novel)
releasing_the_bonds	releasing_the_bonds
rough_crossings	rough_crossings
stone_cold_(swindells_novel)	stone_cold_(swindells_novel)
the_light_in_the_piazza_(novel)	the_light_in_the_piazza_(novel)
the_war_with_mr._wizzle	the_war_with_mr._wizzle
ladder_of_years	ladder_of_years
power_of_persuasion	power_of_persuasion
science-fiction_handbook	science-fiction_handbook
the_ancient_engineers	the_ancient_engineers
a_cavern_of_black_ice	a_cavern_of_black_ice
the_guns_of_august	the_guns_of_august
skinner's_trail	skinner's_trail
asylums_(book)	asylums_(book)
the_keys_to_the_white_house	the_keys_to_the_white_house
the_jesus_scroll	the_jesus_scroll
firewall_(henning_mankell_novel)	firewall_(henning_mankell_novel)
balanak_bonihar_o_pallavi	balanak_bonihar_o_pallavi
the_life_of_the_cosmos	the_life_of_the_cosmos
the_far_side_of_nowhere	the_far_side_of_nowhere
dragon_(fantasy_series)	dragon_(fantasy_series)
the_princess_bride	the_princess_bride
raven's_gate	raven's_gate
the_hollow_hills	the_hollow_hills
the_red_peri_(collection)	the_red_peri_(collection)
the_witches_of_eastwick	the_witches_of_eastwick
trading_faces_(novel)	trading_faces_(novel)
the_hundred_days_(novel)	the_hundred_days_(novel)
the_king's_orchard	the_king's_orchard
framing_the_early_middle_ages	framing_the_early_middle_ages
guardian_of_the_horizon	guardian_of_the_horizon
flashman's_lady	flashman's_lady
the_doors_of_perception	the_doors_of_perception
from_bakunin_to_lacan	from_bakunin_to_lacan
the_emperor_wears_no_clothes	the_emperor_wears_no_clothes
the_burning_tigris	the_burning_tigris
the_worthing_saga	the_worthing_saga
for_one_more_day	for_one_more_day
the_witches_of_worm	the_witches_of_worm
ark_angel	ark_angel
rabbit,_run	rabbit,_run
the_sentinel_(anthology)	the_sentinel_(anthology)
the_dead_zone_(novel)	the_dead_zone_(novel)
the_testament_of_gideon_mack	the_testament_of_gideon_mack
handles_(novel)	handles_(novel)
the_no_asshole_rule	the_no_asshole_rule
i_was_a_rat!_or_the_scarlet_slippers	i_was_a_rat!_or_the_scarlet_slippers
the_law_of_dreams	the_law_of_dreams
stone_hotel	stone_hotel
midaq_alley_(novel)	midaq_alley_(novel)
notes_on_novelists	notes_on_novelists
frindle	frindle
beard's_roman_women	beard's_roman_women
the_animator's_survival_kit	the_animator's_survival_kit
the_hallo-wiener	the_hallo-wiener
seeing_a_large_cat	seeing_a_large_cat
the_gruffalo	the_gruffalo
the_copernican_revolution_(book)	the_copernican_revolution_(book)
the_white_lioness	the_white_lioness
drome_(novel)	drome_(novel)
the_sweet_smell_of_psychosis	the_sweet_smell_of_psychosis
austenland	austenland
a_curtain_of_green	a_curtain_of_green
born_standing_up	born_standing_up
julie_of_the_wolves	julie_of_the_wolves
the_underdogs_(novel)	the_underdogs_(novel)
meltdown_(book)	meltdown_(book)
orange_crush_(novel)	orange_crush_(novel)
the_emerald_wand_of_oz	the_emerald_wand_of_oz
tales_of_a_fourth_grade_nothing	tales_of_a_fourth_grade_nothing
the_tenth_man_(novel)	the_tenth_man_(novel)
the_voyage_of_the_sable_keech	the_voyage_of_the_sable_keech
sacrifice_(novel)	sacrifice_(novel)
travels_(book)	travels_(book)
a_vision_of_doom	a_vision_of_doom
hunter_of_worlds	hunter_of_worlds
worth_the_fighting_for	worth_the_fighting_for
the_myth_of_mental_illness	the_myth_of_mental_illness
the_elephant_vanishes	the_elephant_vanishes
a_night_to_remember_(book)	a_night_to_remember_(book)
world_tales	world_tales
the_atlas_of_pern	the_atlas_of_pern
off_the_road	off_the_road
six_days_of_war	six_days_of_war
coming_of_age_in_samoa	coming_of_age_in_samoa
the_van_(novel)	the_van_(novel)
the_art_of_seeing	the_art_of_seeing
the_remorseful_day	the_remorseful_day
blackwater_(novelette)	blackwater_(novelette)
stained_glass_(novel)	stained_glass_(novel)
dunc's_halloween	dunc's_halloween
kate_remembered	kate_remembered
jack,_the_giant_killer	jack,_the_giant_killer
the_leopard	the_leopard
ordinary_heroes_(book)	ordinary_heroes_(book)
amelia_peabody's_egypt	amelia_peabody's_egypt
india_unbound	india_unbound
the_clan_of_the_cave_bear	the_clan_of_the_cave_bear
fast_food_nation	fast_food_nation
the_war_in_the_air	the_war_in_the_air
lord_brocktree	lord_brocktree
the_rebel_angels	the_rebel_angels
landscape_of_farewell	landscape_of_farewell
quicker_than_the_eye	quicker_than_the_eye
the_citadel_(novel)	the_citadel_(novel)
categories_for_the_working_mathematician	categories_for_the_working_mathematician
earth_(brin_novel)	earth_(brin_novel)
the_mango_tree	the_mango_tree
gallery_whispers	gallery_whispers
shelf_life_(novel)	shelf_life_(novel)
jazz_(novel)	jazz_(novel)
the_golden_man_(collection)	the_golden_man_(collection)
chicks_'n_chained_males	chicks_'n_chained_males
women_in_love	women_in_love
rabbit_hill	rabbit_hill
what's_bred_in_the_bone	what's_bred_in_the_bone
making_good_again	making_good_again
breakfast_at_tiffany's_(novella)	breakfast_at_tiffany's_(novella)
dream_stuff	dream_stuff
the_place_of_dead_roads	the_place_of_dead_roads
aunt_jane's_nieces_on_vacation	aunt_jane's_nieces_on_vacation
after_the_quake	after_the_quake
introduction_to_objectivist_epistemology	introduction_to_objectivist_epistemology
she_died_a_lady	she_died_a_lady
resurrection_men	resurrection_men
mistress_of_the_empire	mistress_of_the_empire
the_weapon_makers	the_weapon_makers
kingdom_of_the_golden_dragon	kingdom_of_the_golden_dragon
jupiter_(novel)	jupiter_(novel)
the_philosopher's_pupil	the_philosopher's_pupil
missing_may	missing_may
sevastopol_sketches	sevastopol_sketches
janissaries_(novel)	janissaries_(novel)
how_i_live_now	how_i_live_now
the_new_journalism	the_new_journalism
the_last_pin	the_last_pin
this_can't_be_happening_at_macdonald_hall	this_can't_be_happening_at_macdonald_hall
aunt_jane's_nieces	aunt_jane's_nieces
pittsburgh_book_of_contemporary_american_poetry	pittsburgh_book_of_contemporary_american_poetry
mortal_stakes	mortal_stakes
joe_cinque's_consolation	joe_cinque's_consolation
the_imaginary_(sartre)	the_imaginary_(sartre)
the_glove_of_darth_vader	the_glove_of_darth_vader
the_way_to_cook	the_way_to_cook
goodnight_moon	goodnight_moon
a_reader's_manifesto	a_reader's_manifesto
cugel's_saga	cugel's_saga
empress_bianca	empress_bianca
strawberry_girl	strawberry_girl
warrior_marks	warrior_marks
memories_of_the_ford_administration	memories_of_the_ford_administration
sidetracked_(novel)	sidetracked_(novel)
a_matter_of_profit	a_matter_of_profit
the_day_of_the_owl	the_day_of_the_owl
the_man_who_laughs	the_man_who_laughs
strange_ports_of_call	strange_ports_of_call
wolves_(book)	wolves_(book)
norwegian_wood_(novel)	norwegian_wood_(novel)
monkey_(novel)	monkey_(novel)
leonardo's_swans	leonardo's_swans
correction_(novel)	correction_(novel)
burr_(novel)	burr_(novel)
the_rules	the_rules
the_afterlife_experiments	the_afterlife_experiments
the_american_scene	the_american_scene
old_angel_midnight	old_angel_midnight
holes_(novel)	holes_(novel)
the_knife_that_killed_me	the_knife_that_killed_me
strange_wine	strange_wine
the_oxford_dictionary_of_philosophy	the_oxford_dictionary_of_philosophy
the_jungle	the_jungle
the_forever_king	the_forever_king
every_day_is_mother's_day	every_day_is_mother's_day
the_final_showdown	the_final_showdown
bush_at_war	bush_at_war
rogues_in_the_house_(collection)	rogues_in_the_house_(collection)
escape_from_freedom	escape_from_freedom
triton_(collection)	triton_(collection)
crossroads_to_islam	crossroads_to_islam
evil_star_(novel)	evil_star_(novel)
the_phoenix_unchained	the_phoenix_unchained
on_a_pale_horse	on_a_pale_horse
collected_poems_(primo_levi)	collected_poems_(primo_levi)
growth_fetish	growth_fetish
brazil_(novel)	brazil_(novel)
the_best_of_philip_k._dick	the_best_of_philip_k._dick
swindle_(novel)	swindle_(novel)
how_to_design_programs	how_to_design_programs
the_wind_(novel)	the_wind_(novel)
the_design_revolution	the_design_revolution
the_party_of_death	the_party_of_death
the_jewel_of_seven_stars	the_jewel_of_seven_stars
the_concept_of_the_political	the_concept_of_the_political
the_acid_house	the_acid_house
the_silver_branch_(sutcliff_novel)	the_silver_branch_(sutcliff_novel)
the_olympian_(novel)	the_olympian_(novel)
the_tragedy_of_arthur	the_tragedy_of_arthur
reaper's_gale	reaper's_gale
the_aliens_of_earth	the_aliens_of_earth
dark_valley_destiny	dark_valley_destiny
the_castle_in_the_forest	the_castle_in_the_forest
empire_of_mind	empire_of_mind
rules_for_radicals	rules_for_radicals
the_keep_(comics)	the_keep_(comics)
fortune's_rocks_(novel)	fortune's_rocks_(novel)
the_way_through_the_woods	the_way_through_the_woods
the_boy_in_the_dress	the_boy_in_the_dress
children_of_the_jedi	children_of_the_jedi
gateways_(novel)	gateways_(novel)
wine_of_the_dreamers	wine_of_the_dreamers
an_anthropologist_on_mars	an_anthropologist_on_mars
tall_cool_one_(novel)	tall_cool_one_(novel)
champions_of_the_force	champions_of_the_force
the_jewel_that_was_ours	the_jewel_that_was_ours
the_kings_of_clonmel	the_kings_of_clonmel
gone_to_the_dogs	gone_to_the_dogs
vanajan_joanna	vanajan_joanna
the_art_of_detection	the_art_of_detection
bottled_in_blonde	bottled_in_blonde
the_yage_letters	the_yage_letters
the_hand_in_the_glove	the_hand_in_the_glove
taipei_(novel)	taipei_(novel)
daisy-head_mayzie	daisy-head_mayzie
the_red_box	the_red_box
i_will_repay_(novel)	i_will_repay_(novel)
spider_boy_(novel)	spider_boy_(novel)
the_art_of_the_metaobject_protocol	the_art_of_the_metaobject_protocol
the_realms_of_the_gods	the_realms_of_the_gods
the_brave_bulls	the_brave_bulls
the_film_club	the_film_club
free_air	free_air
caddie_woodlawn	caddie_woodlawn
arkham's_masters_of_horror	arkham's_masters_of_horror
in_the_heart_of_the_sea	in_the_heart_of_the_sea
the_penultimate_peril	the_penultimate_peril
the_queen's_gambit_(novel)	the_queen's_gambit_(novel)
the_harrowing_of_gwynedd	the_harrowing_of_gwynedd
the_waltz_invention	the_waltz_invention
tunnels_of_blood	tunnels_of_blood
the_ocean_at_the_end_of_the_lane	the_ocean_at_the_end_of_the_lane
the_winter_knights	the_winter_knights
smyth_report	smyth_report
mrs._god_(novel)	mrs._god_(novel)
the_secret_order_of_the_gumm_street_girls	the_secret_order_of_the_gumm_street_girls
the_dorsai_companion	the_dorsai_companion
couldn't_keep_it_to_myself	couldn't_keep_it_to_myself
now_in_november	now_in_november
dolores_claiborne	dolores_claiborne
kartanonherra_ja_kaunis_kirstin	kartanonherra_ja_kaunis_kirstin
paper_shadows	paper_shadows
the_ancestor's_tale	the_ancestor's_tale
the_future_of_socialism	the_future_of_socialism
dave_barry_turns_40	dave_barry_turns_40
the_lords_of_discipline	the_lords_of_discipline
crazy_therapies	crazy_therapies
abominable_firebug	abominable_firebug
the_wise_men_(book)	the_wise_men_(book)
servant_of_the_empire	servant_of_the_empire
new_horizons_(book)	new_horizons_(book)
the_refugees	the_refugees
getting_to_know_you_(short_story_collection)	getting_to_know_you_(short_story_collection)
george's_secret_key_to_the_universe	george's_secret_key_to_the_universe
a_question_of_blood	a_question_of_blood
the_bedroom_secrets_of_the_master_chefs	the_bedroom_secrets_of_the_master_chefs
ninth_key	ninth_key
dave_barry_turns_50	dave_barry_turns_50
after_this	after_this
the_enemy_(bagley_novel)	the_enemy_(bagley_novel)
universe_3	universe_3
all_i_need_is_love	all_i_need_is_love
millennial_women	millennial_women
woman's_world_(novel)	woman's_world_(novel)
the_exploits_of_solar_pons	the_exploits_of_solar_pons
the_italian_girl	the_italian_girl
the_story_of_islamic_imperialism_in_india	the_story_of_islamic_imperialism_in_india
the_gods_of_war	the_gods_of_war
prime_evil_(buffy_novel)	prime_evil_(buffy_novel)
far-seer	far-seer
the_adventure_of_the_singular_sandwich	the_adventure_of_the_singular_sandwich
all_the_pretty_horses_(novel)	all_the_pretty_horses_(novel)
the_new_york_trilogy	the_new_york_trilogy
new_worlds_for_old_(derleth)	new_worlds_for_old_(derleth)
the_man_who_loved_cat_dancing	the_man_who_loved_cat_dancing
where_once_we_walked	where_once_we_walked
not_in_our_genes	not_in_our_genes
mr._sammler's_planet	mr._sammler's_planet
the_best_democracy_money_can_buy	the_best_democracy_money_can_buy
a_case_of_need	a_case_of_need
the_dancing_tiger	the_dancing_tiger
the_book_of_pleasure	the_book_of_pleasure
black_dogs	black_dogs
i_am_david	i_am_david
magic_(novel)	magic_(novel)
jitterbug_perfume	jitterbug_perfume
the_virgin_of_zesh_&_the_tower_of_zanid	the_virgin_of_zesh_&_the_tower_of_zanid
the_god_beneath_the_sea	the_god_beneath_the_sea
lady_into_fox	lady_into_fox
saint_camber	saint_camber
a_rather_english_marriage	a_rather_english_marriage
ingo_(novel)	ingo_(novel)
through_black_spruce	through_black_spruce
letters_from_the_earth	letters_from_the_earth
the_six_sacred_stones	the_six_sacred_stones
thoughts_of_my_cats	thoughts_of_my_cats
the_president_vanishes	the_president_vanishes
if_beale_street_could_talk	if_beale_street_could_talk
a_killing_kindness	a_killing_kindness
terminal_world	terminal_world
jazzy_in_the_jungle	jazzy_in_the_jungle
on_aggression	on_aggression
the_soul_of_a_butterfly	the_soul_of_a_butterfly
autism's_false_prophets	autism's_false_prophets
pretend_you_don't_see_her	pretend_you_don't_see_her
look_me_in_the_eye	look_me_in_the_eye
cycle_of_the_werewolf	cycle_of_the_werewolf
the_magic_thief	the_magic_thief
mad_dogs	mad_dogs
charlie_siringo's_west	charlie_siringo's_west
black_god's_shadow	black_god's_shadow
prime_obsession	prime_obsession
faded_steel_heat	faded_steel_heat
lion_of_ireland	lion_of_ireland
creep_to_death	creep_to_death
being_a_green_mother	being_a_green_mother
being_a_green_mother	vale_of_the_vole
white_oleander	white_oleander
a_little_princess	a_little_princess
zothique_(collection)	zothique_(collection)
unequal_childhoods	unequal_childhoods
there's_a_girl_in_my_hammerlock	there's_a_girl_in_my_hammerlock
the_tiger_in_the_well	the_tiger_in_the_well
mordant's_need	mordant's_need
the_one_o'clock_chop	the_one_o'clock_chop
the_singer_of_all_songs	the_singer_of_all_songs
william_jones_(novel)	william_jones_(novel)
the_legion_of_time	the_legion_of_time
lost_moon	lost_moon
the_age_of_intelligent_machines	the_age_of_intelligent_machines
the_uncomfortable_dead	the_uncomfortable_dead
public_stunts_private_stories	public_stunts_private_stories
chris_crawford_on_game_design	chris_crawford_on_game_design
the_emperor_of_absurdia	the_emperor_of_absurdia
open_skies,_closed_minds	open_skies,_closed_minds
monkey_hunting	shutter_island
god_in_the_dock	god_in_the_dock
the_man_who_sold_the_moon_(short_story_collection)	the_man_who_sold_the_moon_(short_story_collection)
good_blonde_&_others	good_blonde_&_others
the_samurai's_garden	the_samurai's_garden
skinny_dip_(novel)	skinny_dip_(novel)
the_kestrel	the_kestrel
necessary_illusions	necessary_illusions
crooked_house	crooked_house
a_place_of_execution	a_place_of_execution
the_time_we_have_taken	the_time_we_have_taken
oakleaf_bearers	oakleaf_bearers
fer-de-lance_(novel)	fer-de-lance_(novel)
the_world_at_the_end_of_time	the_world_at_the_end_of_time
wedge's_gamble	wedge's_gamble
the_child_garden	the_child_garden
paper_towns	paper_towns
faerie_tale	faerie_tale
wag_the_dog_(novel)	wag_the_dog_(novel)
the_art_of_dreaming	the_art_of_dreaming
100_books_by_august_derleth	100_books_by_august_derleth
wonder_boys	wonder_boys
poverty,_a_study_of_town_life	poverty,_a_study_of_town_life
in_our_time_(wolfe_book)	in_our_time_(wolfe_book)
henry_huggins_(novel)	henry_huggins_(novel)
the_encyclopedia_of_fantasy	the_encyclopedia_of_fantasy
a_widow_for_one_year	a_widow_for_one_year
the_sharper_your_knife,_the_less_you_cry	the_sharper_your_knife,_the_less_you_cry
adrift_on_the_nile	adrift_on_the_nile
the_afghan	the_afghan
number9dream	number9dream
the_best_awful_there_is	the_best_awful_there_is
the_faith_healers	the_faith_healers
diary_of_a_wimpy_kid	diary_of_a_wimpy_kid
union_street_(novel)	union_street_(novel)
gambit_(novel)	gambit_(novel)
miracle_at_philadelphia	miracle_at_philadelphia
the_sketch_book_of_geoffrey_crayon,_gent.	the_sketch_book_of_geoffrey_crayon,_gent.
the_crow_road	the_crow_road
i_never_promised_you_a_rose_garden_(novel)	i_never_promised_you_a_rose_garden_(novel)
overload_(novel)	overload_(novel)
bully_for_brontosaurus	bully_for_brontosaurus
wittgenstein's_nephew	wittgenstein's_nephew
the_sea_hunters_ii	the_sea_hunters_ii
the_autograph_man	the_autograph_man
whispers_in_the_graveyard	whispers_in_the_graveyard
london_fields_(novel)	london_fields_(novel)
roman_blood	roman_blood
wayside_school_is_falling_down	wayside_school_is_falling_down
house_mother_normal	house_mother_normal
the_enchanted_type-writer	the_enchanted_type-writer
dinosaur_in_a_haystack	dinosaur_in_a_haystack
the_haunted_bookshop	the_haunted_bookshop
murder_at_the_aba	murder_at_the_aba
salvador_(book)	salvador_(book)
a_loyal_character_dancer	a_loyal_character_dancer
hoot_(novel)	hoot_(novel)
the_bad_beginning	the_bad_beginning
black_alice_(novel)	black_alice_(novel)
a_thousand_acres	a_thousand_acres
people_of_the_fire	people_of_the_fire
the_truth_about_uri_geller	the_truth_about_uri_geller
bleak_seasons	bleak_seasons
comanche_moon	comanche_moon
yvgenie	yvgenie
in_my_father's_den	in_my_father's_den
jimmy_the_hand_(novel)	jimmy_the_hand_(novel)
ivan_the_terrible_(novel)	ivan_the_terrible_(novel)
after_the_empire	after_the_empire
that's_not_what_i_meant!	manual_of_the_planes
that's_not_what_i_meant!	no_deals,_mr._bond
smith's_gazelle	smith's_gazelle
more_sideways_arithmetic_from_wayside_school	more_sideways_arithmetic_from_wayside_school
the_goblin_mirror	the_goblin_mirror
scandal_at_high_chimneys	scandal_at_high_chimneys
challenging_the_chip	challenging_the_chip
confessions_of_a_crap_artist	confessions_of_a_crap_artist
dicey's_song	dicey's_song
a_tramp_abroad	a_tramp_abroad
secret_of_the_sirens	secret_of_the_sirens
karjalan_kruunu	karjalan_kruunu
both_sides_of_time	both_sides_of_time
twilight_in_the_forbidden_city	twilight_in_the_forbidden_city
journey_to_the_stone_country	journey_to_the_stone_country
skattejakten_(novel)	skattejakten_(novel)
tales_of_conan	tales_of_conan
i_sing_the_body_electric_(short_story_collection)	i_sing_the_body_electric_(short_story_collection)
the_wind_from_a_burning_woman	the_wind_from_a_burning_woman
the_courtship_of_princess_leia	the_courtship_of_princess_leia
the_concept_of_mind	the_concept_of_mind
the_color_of_light	the_color_of_light
losing_it	losing_it
anna_karenina	anna_karenina
bless_me,_ultima	bless_me,_ultima
lucky_you_(novel)	strip_tease_(novel)
the_cat_in_the_hat	the_cat_in_the_hat
the_last_fine_time	the_last_fine_time
recording_the_beatles	recording_the_beatles
fire_in_the_mist	fire_in_the_mist
stamboul_train	stamboul_train
hammer's_slammers	hammer's_slammers
the_white_rose_(cook_novel)	the_white_rose_(cook_novel)
magic_for_beginners_(anthology)	magic_for_beginners_(anthology)
midnight_in_death	midnight_in_death
father_malachy's_miracle	father_malachy's_miracle
dragonkeeper	dragonkeeper
too_fat_to_fish	too_fat_to_fish
the_doll_people	the_doll_people
the_boozer_challenge	the_cat_who_went_underground
the_boozer_challenge	this_boy's_life
the_curse_of_the_pharaohs_(novel)	the_curse_of_the_pharaohs_(novel)
the_servants_of_twilight	the_servants_of_twilight
consider_the_lobster	consider_the_lobster
deathbird_stories	deathbird_stories
belinda_(rice_novel)	belinda_(rice_novel)
a_conflict_of_visions	a_conflict_of_visions
the_tesseract_(novel)	the_tesseract_(novel)
a_son_of_the_circus	a_son_of_the_circus
the_first_stone	the_first_stone
talking_right	talking_right
the_dreamstone_(novel)	the_dreamstone_(novel)
getting_things_done	getting_things_done
expiration_date_(novel)	expiration_date_(novel)
the_grim_grotto	the_grim_grotto
the_conan_chronicles,_1	the_conan_chronicles,_1
the_end_of_education	the_end_of_education
how_the_grinch_stole_christmas!	how_the_grinch_stole_christmas!
conrad's_fate	conrad's_fate
eight_little_piggies	eight_little_piggies
dirt_music	dirt_music
conan_of_aquilonia	conan_of_aquilonia
the_collected_short_fiction_of_c._j._cherryh	the_collected_short_fiction_of_c._j._cherryh
a_tree_grows_in_brooklyn_(novel)	a_tree_grows_in_brooklyn_(novel)
the_house_that_stood_still	the_house_that_stood_still
hatchet_(novel)	hatchet_(novel)
the_book_of_the_short_sun	the_book_of_the_short_sun
icebound_(novel)	icebound_(novel)
house_of_chains	house_of_chains
the_cosmic_serpent	the_cosmic_serpent
the_tin_princess	the_tin_princess
catcall_(novel)	catcall_(novel)
sellevision	sellevision
and_i_don't_want_to_live_this_life	and_i_don't_want_to_live_this_life
the_riddle_of_the_third_mile	the_riddle_of_the_third_mile
as_it_is_written	as_it_is_written
deadly_perfume	deadly_perfume
remember_the_end	remember_the_end
in_the_woods	in_the_woods
accidental_empires	accidental_empires
in_cold_blood	in_cold_blood
the_age_of_spiritual_machines	the_age_of_spiritual_machines
the_lovely_bones	the_lovely_bones
shadows_on_the_stars	shadows_on_the_stars
on_truth	on_truth
wibbly_pig's_silly_big_bear	wibbly_pig's_silly_big_bear
irish_stew!	irish_stew!
pawana	pawana
the_sell-in	the_sell-in
sleep_no_more_(anthology)	sleep_no_more_(anthology)
time's_arrow,_time's_cycle	time's_arrow,_time's_cycle
the_structure_of_scientific_revolutions	the_structure_of_scientific_revolutions
arch_of_triumph_(novel)	arch_of_triumph_(novel)
florida_roadkill	florida_roadkill
the_480	the_480
even_cowgirls_get_the_blues_(novel)	even_cowgirls_get_the_blues_(novel)
conspiracies_(novel)	conspiracies_(novel)
the_stories_of_vladimir_nabokov	the_stories_of_vladimir_nabokov
the_jesus_dynasty	the_jesus_dynasty
man_descending	man_descending
confessions_of_a_thug_(novel)	confessions_of_a_thug_(novel)
biscuit_bear	biscuit_bear
exterminator!	exterminator!
tar_baby_(novel)	tar_baby_(novel)
there_goes_the_neighborhood_(book)	there_goes_the_neighborhood_(book)
when_you_ride_alone_you_ride_with_bin_laden	when_you_ride_alone_you_ride_with_bin_laden
the_gatekeeper_(buffy_novel_series)	the_gatekeeper_(buffy_novel_series)
on_chesil_beach	on_chesil_beach
the_twyborn_affair	the_twyborn_affair
the_most_famous_man_in_america	the_most_famous_man_in_america
the_13th_reality	the_13th_reality
the_hostile_hospital	the_hostile_hospital
dream_boy	dream_boy
the_art_of_intrusion	the_art_of_intrusion
the_robber_bride	the_robber_bride
carpentaria_(novel)	carpentaria_(novel)
a_tragic_legacy	a_tragic_legacy
lakota_woman	lakota_woman
sylvia_(novel)	sylvia_(novel)
unweaving_the_rainbow	unweaving_the_rainbow
merchanter's_luck	merchanter's_luck
the_ersatz_elevator	the_ersatz_elevator
the_rape_of_the_a*p*e*	the_rape_of_the_a*p*e*
bernard_the_brave	bernard_the_brave
the_great_betrayal	the_great_betrayal
the_sand_dwellers	the_sand_dwellers
deerskin_(novel)	deerskin_(novel)
a_devil's_chaplain	a_devil's_chaplain
late_nights_on_air	late_nights_on_air
shalimar_the_clown	shalimar_the_clown
the_horror_from_the_hills	the_horror_from_the_hills
rommel_drives_on_deep_into_egypt	rommel_drives_on_deep_into_egypt
the_card	the_card
the_sign_of_the_crooked_arrow	the_sign_of_the_crooked_arrow
that_pesky_rat	that_pesky_rat
lullabies_for_little_criminals	lullabies_for_little_criminals
moonheart	moonheart
mr._monk_goes_to_hawaii	mr._monk_goes_to_hawaii
starship_troopers	starship_troopers
the_door_through_space	the_door_through_space
snakes_in_suits	snakes_in_suits
banewreaker	banewreaker
larry's_party	larry's_party
the_exorcist_(novel)	the_exorcist_(novel)
the_magnificent_ambersons	the_magnificent_ambersons
seizure_(cook_novel)	seizure_(cook_novel)
one_night_@_the_call_center	one_night_@_the_call_center
the_miserable_mill	the_miserable_mill
occult_chemistry	occult_chemistry
the_seekers_(book)	the_seekers_(book)
far_boundaries	far_boundaries
untouched_by_human_hands	untouched_by_human_hands
interplanetary_hunter	interplanetary_hunter
scotland's_story	scotland's_story
ronia_the_robber's_daughter	ronia_the_robber's_daughter
the_five_greatest_warriors	the_five_greatest_warriors
we_were_the_mulvaneys	we_were_the_mulvaneys
the_know-it-all	the_know-it-all
imzadi	imzadi
powers_of_horror	powers_of_horror
the_disunited_states_of_america	the_disunited_states_of_america
white_line_fever_(book)	white_line_fever_(book)
in_the_belly_of_the_green_bird	in_the_belly_of_the_green_bird
land_beyond_the_map	land_beyond_the_map
the_lost_generation_(book)	the_lost_generation_(book)
what_we_do_is_secret_(novel)	what_we_do_is_secret_(novel)
red_blades_of_black_cathay	red_blades_of_black_cathay
the_mansion_(novel)	the_mansion_(novel)
tales_from_the_mos_eisley_cantina	tales_from_the_mos_eisley_cantina
the_man_who_smiled	the_man_who_smiled
angel_at_the_fence	angel_at_the_fence
anti-intellectualism_in_american_life	anti-intellectualism_in_american_life
werewolves_in_their_youth	werewolves_in_their_youth
safely_home	safely_home
dark_sun_(novel)	dark_sun_(novel)
almost_like_a_whale	almost_like_a_whale
the_blair_years	the_blair_years
the_holcroft_covenant	the_holcroft_covenant
the_twisted_claw	the_twisted_claw
fork_me,_spoon_me	fork_me,_spoon_me
katrina_(novel)	katrina_(novel)
general_winston's_daughter	general_winston's_daughter
outliers_(book)	outliers_(book)
imagination_unlimited	imagination_unlimited
up_the_junction	up_the_junction
fifth_business	fifth_business
zen_mind,_beginner's_mind	zen_mind,_beginner's_mind
logan's_world	logan's_world
the_complete_idiot's_guide_to_publishing_science_fiction	the_complete_idiot's_guide_to_publishing_science_fiction
face_value_(book)	face_value_(book)
marathon_man_(novel)	marathon_man_(novel)
interzone_(book)	interzone_(book)
the_galilee_hitch-hiker	the_galilee_hitch-hiker
more_guns,_less_crime	more_guns,_less_crime
the_meanest_doll_in_the_world	the_meanest_doll_in_the_world
a_voyage_to_terra_australis	a_voyage_to_terra_australis
a_pattern_of_roses	a_pattern_of_roses
buddha_da	buddha_da
the_audacity_of_hope	the_audacity_of_hope
hammerhead_ranch_motel	hammerhead_ranch_motel
the_philip_k._dick_reader	the_philip_k._dick_reader
malazan_book_of_the_fallen	malazan_book_of_the_fallen
body_alchemy	body_alchemy
the_perfect_storm_(book)	the_perfect_storm_(book)
studies_in_classic_american_literature	studies_in_classic_american_literature
cold_sassy_tree	cold_sassy_tree
kafka_americana	kafka_americana
dawkins_vs._gould	dawkins_vs._gould
my_place_(book)	my_place_(book)
wolf_of_the_plains	wolf_of_the_plains
cube_route	cube_route
a_maggot	a_maggot
the_world_made_straight	the_world_made_straight
the_beatrice_letters	the_beatrice_letters
the_whipping_boy	the_whipping_boy
getting_bi	getting_bi
the_boat_of_a_million_years	the_boat_of_a_million_years
bringing_down_the_house_(book)	bringing_down_the_house_(book)
miracle's_boys_(novel)	miracle's_boys_(novel)
saint_maybe	saint_maybe
recovery_(novel)	recovery_(novel)
auguries_of_innocence_(patti_smith_poems)	auguries_of_innocence_(patti_smith_poems)
atlas_shrugged	atlas_shrugged
the_last_stand_of_the_tin_can_sailors	the_last_stand_of_the_tin_can_sailors
swell_foop	swell_foop
the_counterlife	the_counterlife
fairest_(novel)	fairest_(novel)
the_captive_temple	the_captive_temple
barney's_version_(novel)	barney's_version_(novel)
open_house_(novel)	open_house_(novel)
fates_worse_than_death	fates_worse_than_death
selected_stories_of_philip_k._dick	selected_stories_of_philip_k._dick
the_law_of_success	the_law_of_success
the_te_of_piglet	the_te_of_piglet
the_salt_roads	the_salt_roads
a_spot_of_bother	a_spot_of_bother
the_king's_justice	the_king's_justice
naked_came_the_phoenix	naked_came_the_phoenix
the_irresistible_revolution	the_irresistible_revolution
rakas_henrietta	rakas_henrietta
every_inch_a_king	every_inch_a_king
the_sigma_protocol	the_sigma_protocol
the_doubleman	the_doubleman
churches_that_abuse	churches_that_abuse
the_hidden_hitler	the_hidden_hitler
surprised_by_joy	surprised_by_joy
vanishing_africa	vanishing_africa
the_mount_(novel)	the_mount_(novel)
sidewise_in_time_(collection)	sidewise_in_time_(collection)
amanda_(novel)	amanda_(novel)
just_like_that_(novel)	just_like_that_(novel)
the_revelation_(animorphs)	the_revelation_(animorphs)
perl_best_practices	perl_best_practices
the_eye_of_the_storm_(novel)	the_eye_of_the_storm_(novel)
a_small_death_in_lisbon	a_small_death_in_lisbon
the_bastard_prince	the_bastard_prince
rebuilding_coventry	rebuilding_coventry
out_of_the_fire	out_of_the_fire
rusalka_(book)	rusalka_(book)
a_question_of_upbringing	a_question_of_upbringing
lion_of_macedon	lion_of_macedon
thunder_oak	thunder_oak
the_scribes_from_alexandria	the_scribes_from_alexandria
divided_city	divided_city
binary_(novel)	binary_(novel)
vertebrate_palaeontology_(benton)	vertebrate_palaeontology_(benton)
tutinama	tutinama
star_dancer	star_dancer
late_show_fun_facts	late_show_fun_facts
the_prosecution_of_george_w._bush_for_murder	the_prosecution_of_george_w._bush_for_murder
two_frogs	two_frogs
the_upstairs_room	the_upstairs_room
the_assassin's_song	the_assassin's_song
the_children_of_men	the_children_of_men
the_littlest_hitler	the_littlest_hitler
jesus_of_nazareth_(book)	jesus_of_nazareth_(book)
brasyl	brasyl
the_primal_scream	the_primal_scream
psychohistorical_crisis	psychohistorical_crisis
flaubert's_parrot	flaubert's_parrot
gone_tomorrow	gone_tomorrow
trust_me_(book)	trust_me_(book)
a_yellow_raft_in_blue_water	a_yellow_raft_in_blue_water
masters_of_time	masters_of_time
the_battle_for_skies	the_battle_for_skies
tadpole's_promise	tadpole's_promise
how_angel_peterson_got_his_name	how_angel_peterson_got_his_name
dancing_barefoot_(book)	dancing_barefoot_(book)
goggle-eyes	goggle-eyes
the_moving_target	the_moving_target
a_long_long_way	a_long_long_way
moments_of_reprieve	moments_of_reprieve
cowl_(novel)	cowl_(novel)
no_comebacks	no_comebacks
the_showgirl_princess	the_showgirl_princess
the_transparent_society	the_transparent_society
the_fog_(novel)	the_fog_(novel)
by_the_candelabra's_glare	by_the_candelabra's_glare
versed	versed
pet_sematary	pet_sematary
the_skeptic's_dictionary	the_skeptic's_dictionary
the_siege_of_macindaw	the_siege_of_macindaw
l._frank_baum's_juvenile_speaker	l._frank_baum's_juvenile_speaker
a_monstrous_regiment_of_women	a_monstrous_regiment_of_women
flour_babies	flour_babies
the_android's_dream	the_android's_dream
hollywood_hex	hollywood_hex
spilled_water	spilled_water
the_adventures_of_mao_on_the_long_march	the_adventures_of_mao_on_the_long_march
faceless_killers	faceless_killers
born_fighting	born_fighting
the_sign_of_the_beaver	the_sign_of_the_beaver
the_negotiator_(novel)	the_negotiator_(novel)
the_names_(novel)	the_names_(novel)
banana_republicans	banana_republicans
britain's_everyday_heroes	britain's_everyday_heroes
the_great_santini_(novel)	the_great_santini_(novel)
when_a_monster_is_born	when_a_monster_is_born
more_tales_of_the_unexpected	more_tales_of_the_unexpected
the_key_to_midnight	the_key_to_midnight
the_odessa_file	the_odessa_file
silent_interviews	silent_interviews
ticket_to_ride_(book)	ticket_to_ride_(book)
the_mind's_i	the_mind's_i
kiss_the_girls	kiss_the_girls
king_javan's_year	king_javan's_year
jihad_vs._mcworld	jihad_vs._mcworld
snakehead_(novel)	snakehead_(novel)
through_a_glass,_clearly	through_a_glass,_clearly
wizardborn	wizardborn
star_songs_of_an_old_primate	star_songs_of_an_old_primate
rama_ii_(novel)	rama_ii_(novel)
rider_at_the_gate	rider_at_the_gate
out_of_this_furnace	out_of_this_furnace
the_myth_of_male_power	the_myth_of_male_power
tonto_basin_(novel)	tonto_basin_(novel)
beyond_chutzpah	beyond_chutzpah
selected_letters_of_clark_ashton_smith	selected_letters_of_clark_ashton_smith
the_water-method_man	the_water-method_man
weird_tales_2	weird_tales_2
an_urchin_in_the_storm	an_urchin_in_the_storm
weird_tales_1	weird_tales_1
a_pair_of_blue_eyes	a_pair_of_blue_eyes
making_peace_with_the_planet	making_peace_with_the_planet
brief_interviews_with_hideous_men	while_i_was_gone
brief_interviews_with_hideous_men	disco_bloodbath
brief_interviews_with_hideous_men	brief_interviews_with_hideous_men
the_first_four_years_(novel)	the_first_four_years_(novel)
darwin's_angel	darwin's_angel
beyond_the_golden_stair	beyond_the_golden_stair
our_man_in_havana	our_man_in_havana
reheated_cabbage	reheated_cabbage
a_village_affair	a_village_affair
becoming_the_villainess	becoming_the_villainess
the_boys_from_brazil_(novel)	the_boys_from_brazil_(novel)
the_moorchild	the_moorchild
just_after_sunset	just_after_sunset
crisscross_(novel)	crisscross_(novel)
why_orwell_matters	why_orwell_matters
was_(novel)	was_(novel)
black_fury_(novel)	black_fury_(novel)
twilight_comes_twice	twilight_comes_twice
the_valley_of_horses	the_valley_of_horses
i_kissed_dating_goodbye	i_kissed_dating_goodbye
angry_candy	angry_candy
dairy_queen_(novel)	dairy_queen_(novel)
the_rising_(lahaye_novel)	the_rising_(lahaye_novel)
mayday_(novel)	mayday_(novel)
the_white_boy_shuffle	the_white_boy_shuffle
exit_ghost	exit_ghost
my_big_fat_supernatural_honeymoon	my_big_fat_supernatural_honeymoon
the_penalty_(novel)	the_penalty_(novel)
the_banner_of_joan	the_banner_of_joan
darkfall_(carmody_novel)	darkfall_(carmody_novel)
profiles_in_folly	profiles_in_folly
fergus_crane	fergus_crane
in_the_company_of_cheerful_ladies	in_the_company_of_cheerful_ladies
the_book_of_bond	the_book_of_bond
morgan's_run	morgan's_run
the_android_(animorphs)	the_android_(animorphs)
the_landscape_of_love	the_landscape_of_love
sometimes_the_magic_works	sometimes_the_magic_works
the_pirates!_in_an_adventure_with_napoleon	the_pirates!_in_an_adventure_with_napoleon
the_andalite_chronicles	the_andalite_chronicles
the_golden_age_of_science_fiction_(anthology)	the_golden_age_of_science_fiction_(anthology)
lovecraft's_book	lovecraft's_book
bad_girls_(wilson_novel)	bad_girls_(wilson_novel)
the_abolition_of_britain	the_abolition_of_britain
spycatcher	spycatcher
climbing_mount_improbable	climbing_mount_improbable
the_ape-man_within	the_ape-man_within
with_the_old_breed	with_the_old_breed
fourth_mansions	fourth_mansions
great_jones_street_(novel)	great_jones_street_(novel)
the_trial_of_henry_kissinger	the_trial_of_henry_kissinger
el_llano_en_llamas	el_llano_en_llamas
the_soddit	the_soddit
the_singing	the_singing
daddy_(novel)	fine_things
daddy_(novel)	the_real_frank_zappa_book
daddy_(novel)	daddy_(novel)
crossing_the_quality_chasm	crossing_the_quality_chasm
page_(novel)	page_(novel)
the_protocols_of_the_elders_of_zion	the_protocols_of_the_elders_of_zion
one_step_behind_(novel)	one_step_behind_(novel)
the_gene_wars_universe	the_gene_wars_universe
the_jane_austen_book_club	the_jane_austen_book_club
trouble_under_oz	trouble_under_oz
behind_the_curtain	behind_the_curtain
starship_troupers	starship_troupers
letter_to_a_child_never_born	letter_to_a_child_never_born
the_man_with_the_golden_arm_(novel)	the_man_with_the_golden_arm_(novel)
sharpe's_gold_(novel)	sharpe's_gold_(novel)
rogue_squadron_(novel)	rogue_squadron_(novel)
out_of_the_silent_planet	out_of_the_silent_planet
twenty_cases_suggestive_of_reincarnation	twenty_cases_suggestive_of_reincarnation
the_quillan_games	the_quillan_games
the_deep_(novel)	the_deep_(novel)
amaravati_kathalu	amaravati_kathalu
a_republic,_not_an_empire	a_republic,_not_an_empire
sidney_(novel)	sidney_(novel)
up_in_a_heaval	up_in_a_heaval
the_pill_versus_the_springhill_mine_disaster	the_pill_versus_the_springhill_mine_disaster
letter_to_a_christian_nation	letter_to_a_christian_nation
the_great_controversy_(book)	the_great_controversy_(book)
the_book_of_animal_ignorance	the_book_of_animal_ignorance
heaven_cent	heaven_cent
the_wonders_of_nature	the_wonders_of_nature
rim_(novel)	rim_(novel)
the_book_of_general_ignorance	the_book_of_general_ignorance
commonwealth_saga	commonwealth_saga
lady_knight	lady_knight
conditions_of_faith	conditions_of_faith
for_the_new_intellectual	for_the_new_intellectual
der_weg_ins_freie	der_weg_ins_freie
the_tree_of_hands	the_tree_of_hands
extinction_(bernhard_novel)	extinction_(bernhard_novel)
golf_in_the_kingdom	golf_in_the_kingdom
my_shit_life_so_far	my_shit_life_so_far
the_truth_about_poop	the_truth_about_poop
oh,_the_places_you'll_go!	oh,_the_places_you'll_go!
the_story_of_tracy_beaker	the_story_of_tracy_beaker
the_false_inspector_dew	the_false_inspector_dew
prince_caspian	prince_caspian
the_tiny_kite_of_eddie_wing	the_tiny_kite_of_eddie_wing
wielding_a_red_sword	wielding_a_red_sword
women_of_the_apocalypse	women_of_the_apocalypse
the_scorpio_illusion	the_scorpio_illusion
feast_of_souls	feast_of_souls
the_cat_in_the_hat	the_cat_in_the_hat
old_ghosts_of_new_england	old_ghosts_of_new_england
tell_the_wolves_i'm_home	tell_the_wolves_i'm_home
moon_over_manifest	moon_over_manifest
child_of_the_prophecy	child_of_the_prophecy
the_dark_griffin	the_dark_griffin
fire_in_the_mist	fire_in_the_mist
stonemouth	stonemouth
jaz_parks_series	jaz_parks_series
how_to_be_cool	how_to_be_cool
one_morning_like_a_bird	one_morning_like_a_bird
library_lion	library_lion
the_doll_people	the_doll_people
too_fat_to_fish	too_fat_to_fish
marked_by_fire	marked_by_fire
river_secrets	river_secrets
consider_the_lobster	consider_the_lobster
this_book_is_broken	this_book_is_broken
blaze_of_silver	blaze_of_silver
power_hungry	power_hungry
the_final_key	the_final_key
white_lies_(for_my_mother)	white_lies_(for_my_mother)
the_bottom_billion	the_bottom_billion
the_panic_zone	the_panic_zone
stuck_in_neutral	stuck_in_neutral
princess_of_gossip	princess_of_gossip
how_the_grinch_stole_christmas!	how_the_grinch_stole_christmas!
city_of_bohane	city_of_bohane
the_ghost_map	the_ghost_map
love_letters_of_great_men	love_letters_of_great_men
internet_dates_from_hell	internet_dates_from_hell
the_500_hats_of_bartholomew_cubbins	the_500_hats_of_bartholomew_cubbins
death_is_now_my_neighbour	death_is_now_my_neighbour
bossypants	bossypants
we_still_hold_these_truths	we_still_hold_these_truths
the_language_of_goldfish	the_language_of_goldfish
isaiah_eleven	isaiah_eleven
joined-up_thinking	joined-up_thinking
here_my_home_once_stood	here_my_home_once_stood
the_overton_window	the_overton_window
the_last_voyage_of_columbus	the_last_voyage_of_columbus
just_in_case	just_in_case
the_riddle_of_the_third_mile	the_riddle_of_the_third_mile
i_drink_for_a_reason	i_drink_for_a_reason
the_checklist_manifesto	the_checklist_manifesto
the_last_castaways	the_last_castaways
the_lamplighter	the_lamplighter
blown_for_good	blown_for_good
the_tenth_circle	the_tenth_circle
in_the_woods	in_the_woods
common_sense_on_mutual_funds	common_sense_on_mutual_funds
the_enormous_crocodile	the_enormous_crocodile
the_seven_storey_mountain	the_seven_storey_mountain
the_qi_book_of_the_dead	the_qi_book_of_the_dead
kubrick_the_dog	kubrick_the_dog
wibbly_pig's_silly_big_bear	wibbly_pig's_silly_big_bear
on_truth	on_truth
the_longest_ride	the_longest_ride
what_a_week_to_risk_it_all	what_a_week_to_risk_it_all
fig_pudding	fig_pudding
lust_for_justice	lust_for_justice
irish_stew!	irish_stew!
the_very_bad_book	the_very_bad_book
the_accident_man	the_accident_man
pawana	pawana
the_sell-in	the_sell-in
the_aware	the_aware
sinners_in_the_hands_of_an_angry_god	sinners_in_the_hands_of_an_angry_god
the_demigod_diaries	the_demigod_diaries
for_one_more_day	for_one_more_day
the_witches_of_worm	the_witches_of_worm
the_conscience_of_a_liberal	the_conscience_of_a_liberal
killing_lincoln	killing_lincoln
the_psychology_of_the_simpsons	the_psychology_of_the_simpsons
lord_of_souls	lord_of_souls
a_mango-shaped_space	a_mango-shaped_space
trading_secrets	trading_secrets
i_was_a_rat!_or_the_scarlet_slippers	i_was_a_rat!_or_the_scarlet_slippers
the_law_of_dreams	the_law_of_dreams
the_burning_bridge	the_burning_bridge
time_to_say_hello	time_to_say_hello
the_fire-eaters	the_fire-eaters
the_lost_art_of_gratitude	the_lost_art_of_gratitude
friends,_lovers,_chocolate	friends,_lovers,_chocolate
biscuit_bear	biscuit_bear
girl_imagined_by_chance	girl_imagined_by_chance
looking_for_x	looking_for_x
the_hallo-wiener	the_hallo-wiener
the_truth_about_muhammad	the_truth_about_muhammad
the_fox_effect	the_fox_effect
the_fortune_at_the_bottom_of_the_pyramid	the_fortune_at_the_bottom_of_the_pyramid
the_dervish_house	the_dervish_house
the_yellow_birds	the_yellow_birds
the_gruffalo	the_gruffalo
the_riven_kingdom	the_riven_kingdom
the_time_in_between	the_time_in_between
into_a_dark_realm	into_a_dark_realm
murder_house	murder_house
despite_the_falling_snow	despite_the_falling_snow
white_mughals	white_mughals
little_mouse's_big_book_of_fears	little_mouse's_big_book_of_fears
sammy_&_sue_go_green_too!	sammy_&_sue_go_green_too!
the_still_point	the_still_point
a_sound_like_someone_trying_not_to_make_a_sound	a_sound_like_someone_trying_not_to_make_a_sound
austenland	austenland
miles_to_go	miles_to_go
a_little_piece_of_ground	a_little_piece_of_ground
the_lost_stories	the_lost_stories
the_meaning_of_liff	the_meaning_of_liff
the_black_book_of_communism	the_black_book_of_communism
an_april_shroud	an_april_shroud
the_adventures_of_unemployed_man	the_adventures_of_unemployed_man
a_supposedly_fun_thing_i'll_never_do_again	a_supposedly_fun_thing_i'll_never_do_again
should_have_got_off_at_sydney_parade	should_have_got_off_at_sydney_parade
no_time_for_goodbye	no_time_for_goodbye
return_to_groosham_grange	return_to_groosham_grange
a_tragic_legacy	a_tragic_legacy
marvin_k._mooney_will_you_please_go_now!	marvin_k._mooney_will_you_please_go_now!
the_magical_worlds_of_harry_potter	the_magical_worlds_of_harry_potter
magic's_child	magic's_child
raising_steam	raising_steam
merchanter's_luck	merchanter's_luck
the_maytrees	the_maytrees
caine_black_knife	caine_black_knife
the_millionaire's_wife	the_millionaire's_wife
five_on_a_treasure_island	five_on_a_treasure_island
the_secret_life_of_damian_spinelli	the_secret_life_of_damian_spinelli
late_nights_on_air	late_nights_on_air
the_evolution_of_god	the_evolution_of_god
how_to_eat_a_small_country	how_to_eat_a_small_country
the_remorseful_day	the_remorseful_day
the_sign_of_the_crooked_arrow	the_sign_of_the_crooked_arrow
words_of_radiance	words_of_radiance
hooray_for_diffendoofer_day!	hooray_for_diffendoofer_day!
the_crossing_of_ingo	the_crossing_of_ingo
return_to_mars	return_to_mars
that_pesky_rat	that_pesky_rat
inspector_ghote's_first_case	inspector_ghote's_first_case
dunc's_halloween	dunc's_halloween
kate_remembered	kate_remembered
de_puinhopen_van_acht_jaar_paars	de_puinhopen_van_acht_jaar_paars
such_a_pretty_girl	such_a_pretty_girl
billionaire_boy	billionaire_boy
one_model_nation	one_model_nation
on_snow	on_snow
snakes_in_suits	snakes_in_suits
banewreaker	banewreaker
busting_vegas	busting_vegas
fast_food_nation	fast_food_nation
death_troopers	death_troopers
here_come_the_blobbies	here_come_the_blobbies
the_bane_chronicles	the_bane_chronicles
what_a_week_omnibus_books_4-6	what_a_week_omnibus_books_4-6
the_ponder_heart	the_ponder_heart
the_king's_buccaneer	the_king's_buccaneer
the_turbulent_term_of_tyke_tiler	the_turbulent_term_of_tyke_tiler
kosher_jesus	kosher_jesus
head_in_flames	head_in_flames
the_gum_thief	the_gum_thief
imzadi	imzadi
the_devil's_breath	the_devil's_breath
the_disunited_states_of_america	the_disunited_states_of_america
dream_stuff	dream_stuff
nothing_like_a_dame	nothing_like_a_dame
the_black_tattoo	the_black_tattoo
skywriting_by_word_of_mouth	skywriting_by_word_of_mouth
anya's_ghost	anya's_ghost
my_holocaust	my_holocaust
in_defense_of_food	in_defense_of_food
mistress_of_the_empire	mistress_of_the_empire
one_month_to_live	one_month_to_live
head_smash	head_smash
black_sun_rising	black_sun_rising
a_buffalope's_tale	a_buffalope's_tale
pirate_diary	pirate_diary
shadow_forest	shadow_forest
the_empty_city	the_empty_city
the_myst_reader	the_myst_reader
chicks_with_guns	chicks_with_guns
dunc_gets_tweaked	dunc_gets_tweaked
finding_violet_park	finding_violet_park
the_tide_knot	the_tide_knot
nothing_to_envy	nothing_to_envy
winner-take-all_politics	winner-take-all_politics
how_i_live_now	how_i_live_now
the_unforgiving_wind	the_unforgiving_wind
the_holcroft_covenant	the_holcroft_covenant
counting_the_eons	counting_the_eons
forest_born	forest_born
nietzsche's_kisses	nietzsche's_kisses
goodnight_moon	goodnight_moon
general_winston's_daughter	general_winston's_daughter
demon_apocalypse	demon_apocalypse
the_peaceful_pill_handbook	the_peaceful_pill_handbook
the_blt_cookbook	the_blt_cookbook
the_aquitaine_progression	the_aquitaine_progression
my_big_brother,_boris	my_big_brother,_boris
the_code_of_romulus	the_code_of_romulus
a_gentleman's_guide_to_graceful_living	a_gentleman's_guide_to_graceful_living
dunc's_doll	dunc's_doll
a_spaniard_in_the_works	a_spaniard_in_the_works
lilies_in_december	lilies_in_december
two_caravans	two_caravans
requiem_for_a_fish	requiem_for_a_fish
a_matter_of_profit	a_matter_of_profit
the_road_of_bones	the_road_of_bones
transcension	transcension
feather_boy	feather_boy
stellaluna	stellaluna
without_feathers	without_feathers
the_meanest_doll_in_the_world	the_meanest_doll_in_the_world
bleeding_shadows	bleeding_shadows
every_you,_every_me	every_you,_every_me
animal,_vegetable,_miracle	animal,_vegetable,_miracle
the_feather_men	the_feather_men
leonardo's_swans	leonardo's_swans
the_wimpy_kid_movie_diary	the_wimpy_kid_movie_diary
son_of_the_shadows	son_of_the_shadows
three_strong_women	three_strong_women
the_diana_chronicles	the_diana_chronicles
buddha_da	buddha_da
citizen_cyborg	citizen_cyborg
the_knife_that_killed_me	the_knife_that_killed_me
women_en_large	women_en_large
the_deniers	the_deniers
the_flying_trunk	the_flying_trunk
the_ruins_of_gorlan	the_ruins_of_gorlan
wolf_of_the_plains	wolf_of_the_plains
the_final_showdown	the_final_showdown
bush_at_war	bush_at_war
the_wiki_way	the_wiki_way
the_areas_of_my_expertise	the_areas_of_my_expertise
the_sweetest_fig	the_sweetest_fig
the_beatrice_letters	the_beatrice_letters
breaking_stalin's_nose	breaking_stalin's_nose
the_case_of_the_dirty_bird	the_case_of_the_dirty_bird
the_great_enigma	the_great_enigma
the_third_choice	the_third_choice
zen_ties	zen_ties
death_by_china	death_by_china
your_best_life_now	your_best_life_now
gusher_of_lies	gusher_of_lies
the_beginning_of_infinity	the_beginning_of_infinity
simple_genius	simple_genius
on_a_pale_horse	on_a_pale_horse
erak's_ransom	erak's_ransom
deploying_renewables_2011	deploying_renewables_2011
what_i_was	what_i_was
one_way_forward	one_way_forward
how_to_design_programs	how_to_design_programs
a_real_basket_case	a_real_basket_case
the_last_stand_of_the_tin_can_sailors	the_last_stand_of_the_tin_can_sailors
what_a_week_to_get_real	what_a_week_to_get_real
shutter_island	shutter_island
the_melting_of_maggie_bean	the_melting_of_maggie_bean
royal_exile	royal_exile
aramaya	aramaya
the_barn_burner	the_barn_burner
dear_nobody	dear_nobody
the_party_of_death	the_party_of_death
xiagu_danxin	xiagu_danxin
the_tragedy_of_arthur	the_tragedy_of_arthur
irish_tiger	irish_tiger
the_childhood_of_jesus	the_childhood_of_jesus
a_spot_of_bother	a_spot_of_bother
the_way_through_the_woods	the_way_through_the_woods
machine_of_death	machine_of_death
oxford_encyclopedia_of_maritime_history	oxford_encyclopedia_of_maritime_history
the_boy_in_the_dress	the_boy_in_the_dress
the_discworld_mapp	the_discworld_mapp
massacre_at_mountain_meadows	massacre_at_mountain_meadows
every_inch_a_king	every_inch_a_king
lords_of_the_bow	lords_of_the_bow
the_sigma_protocol	the_sigma_protocol
birds_britannica	birds_britannica
the_kings_of_clonmel	the_kings_of_clonmel
the_jewel_that_was_ours	the_jewel_that_was_ours
praisesong_for_the_widow	praisesong_for_the_widow
our_last_best_chance	our_last_best_chance
the_charm_school	the_charm_school
citizen's_briefing_book	citizen's_briefing_book
so_this_is_how_it_ends	so_this_is_how_it_ends
the_rozabal_line	the_rozabal_line
living_shadows	living_shadows
the_thief_queen's_daughter	the_thief_queen's_daughter
gone_to_the_dogs	gone_to_the_dogs
the_republican_noise_machine	the_republican_noise_machine
the_demigod_files	the_demigod_files
my_many_colored_days	my_many_colored_days
calendar_of_regrets	calendar_of_regrets
a_small_death_in_lisbon	a_small_death_in_lisbon
dunc_breaks_the_record	dunc_breaks_the_record
daisy-head_mayzie	daisy-head_mayzie
the_dark_imbalance	the_dark_imbalance
just_kids	just_kids
the_art_of_the_metaobject_protocol	the_art_of_the_metaobject_protocol
born_confused	born_confused
the_brave_bulls	the_brave_bulls
the_selection	the_selection
the_english_roses	the_english_roses
divided_city	divided_city
in_the_heart_of_the_sea	in_the_heart_of_the_sea
the_prosecution_of_george_w._bush_for_murder	the_prosecution_of_george_w._bush_for_murder
late_show_fun_facts	late_show_fun_facts
two_frogs	two_frogs
bella_at_midnight	bella_at_midnight
the_assassin's_song	the_assassin's_song
the_tyranny_of_experts	the_tyranny_of_experts
tunnels_of_blood	tunnels_of_blood
the_ocean_at_the_end_of_the_lane	the_ocean_at_the_end_of_the_lane
the_winter_knights	the_winter_knights
the_littlest_hitler	the_littlest_hitler
the_secret_order_of_the_gumm_street_girls	the_secret_order_of_the_gumm_street_girls
wings_of_wrath	wings_of_wrath
hotel_world	hotel_world
the_far_reaches	the_far_reaches
servant_of_the_empire	servant_of_the_empire
courting_justice	courting_justice
the_great_stagnation	the_great_stagnation
heavier_than_heaven	heavier_than_heaven
how_we_decide	how_we_decide
scouting_for_boys	scouting_for_boys
maigret_has_scruples	maigret_has_scruples
a_fortress_of_grey_ice	a_fortress_of_grey_ice
tadpole's_promise	tadpole's_promise
how_angel_peterson_got_his_name	how_angel_peterson_got_his_name
goggle-eyes	goggle-eyes
clash_of_eagles	clash_of_eagles
british_bangladeshi_power_&_inspiration_100	british_bangladeshi_power_&_inspiration_100
a_long_long_way	a_long_long_way
after_this	after_this
final_exit	final_exit
wards_of_faerie	wards_of_faerie
the_cruelest_month	the_cruelest_month
the_two_pearls_of_wisdom	the_two_pearls_of_wisdom
the_showgirl_princess	the_showgirl_princess
a_sick_day_for_amos_mcgee	a_sick_day_for_amos_mcgee
that_rabbit_belongs_to_emily_brown	that_rabbit_belongs_to_emily_brown
true_compass	true_compass
la_ronde_et_autres_faits_divers	la_ronde_et_autres_faits_divers
the_scorch_trials	the_scorch_trials
muslim_power_100	muslim_power_100
bloodfire_quest	bloodfire_quest
too_close_to_home	too_close_to_home
do_not_open	do_not_open
the_theory_of_moral_sentiments	the_theory_of_moral_sentiments
the_siege_of_macindaw	the_siege_of_macindaw
dans_l'enfer_des_tournantes	dans_l'enfer_des_tournantes
big_pumpkin	big_pumpkin
splat_the_cat	splat_the_cat
flour_babies	flour_babies
the_dancing_tiger	the_dancing_tiger
the_bridge_at_no_gun_ri	the_bridge_at_no_gun_ri
this_is_herman_cain!	this_is_herman_cain!
speaking_of_jane_roberts	speaking_of_jane_roberts
flash_boys	flash_boys
white_dog_fell_from_the_sky	white_dog_fell_from_the_sky
spilled_water	spilled_water
the_third_god	the_third_god
killing_kennedy	killing_kennedy
born_fighting	born_fighting
tom's_midnight_garden	tom's_midnight_garden
sharing_a_robin's_life	sharing_a_robin's_life
the_god_beneath_the_sea	the_god_beneath_the_sea
king_of_the_pygmies	king_of_the_pygmies
the_real_global_warming_disaster	the_real_global_warming_disaster
the_fall_of_arthur	the_fall_of_arthur
my_crazy_beautiful_life	my_crazy_beautiful_life
more_information_than_you_require	more_information_than_you_require
the_fabled_fourth_graders_of_aesop_elementary_school	the_fabled_fourth_graders_of_aesop_elementary_school
the_politics_of_anti-semitism	the_politics_of_anti-semitism
britain's_everyday_heroes	britain's_everyday_heroes
the_caliph's_house	the_caliph's_house
a_colossal_failure_of_common_sense	a_colossal_failure_of_common_sense
a_rather_english_marriage	a_rather_english_marriage
the_red_necklace	the_red_necklace
when_a_monster_is_born	when_a_monster_is_born
white_house_diary	white_house_diary
slake's_limbo	slake's_limbo
unexplained_fevers	unexplained_fevers
the_great_perhaps	the_great_perhaps
math_girls	math_girls
letters_to_kurt	letters_to_kurt
a_killing_kindness	a_killing_kindness
that_deadman_dance	that_deadman_dance
the_500_most_influential_muslims	the_500_most_influential_muslims
jazzy_in_the_jungle	jazzy_in_the_jungle
the_time_traveler's_almanac	the_time_traveler's_almanac
you_can_heal_your_life	you_can_heal_your_life
kiss_the_girls	kiss_the_girls
the_cat's_table	the_cat's_table
death_in_the_clouds	death_in_the_clouds
the_firework-maker's_daughter	the_firework-maker's_daughter
how_to_be_black	how_to_be_black
tale_of_the_toa	tale_of_the_toa
ente_katha	ente_katha
bones_of_the_hills	bones_of_the_hills
a_catalogue_of_books_printed_in_the_fifteenth_century_now_in_the_bodleian_library	a_catalogue_of_books_printed_in_the_fifteenth_century_now_in_the_bodleian_library
confessions_of_a_video_vixen	confessions_of_a_video_vixen
the_very_hungry_caterpillar	the_very_hungry_caterpillar
look_me_in_the_eye	look_me_in_the_eye
welcome_to_obamaland	welcome_to_obamaland
ice_claw	ice_claw
a_masculine_ending	a_masculine_ending
the_right_attitude_to_rain	the_right_attitude_to_rain
the_sovereign_state	the_sovereign_state
the_charming_quirks_of_others	the_charming_quirks_of_others
alida's_song	alida's_song
daughter_of_the_empire	daughter_of_the_empire
being_a_green_mother	being_a_green_mother
unfamiliar_fishes	unfamiliar_fishes
only_a_theory	only_a_theory
mountain_cat	mountain_cat
evil_genes	evil_genes
den_nya_nordiska_floran	den_nya_nordiska_floran
brief_interviews_with_hideous_men	brief_interviews_with_hideous_men
lady_gaga_x_terry_richardson	lady_gaga_x_terry_richardson
the_one_o'clock_chop	the_one_o'clock_chop
the_mighty_book_of_boosh	the_mighty_book_of_boosh
the_virgin_book_of_british_hit_singles	the_virgin_book_of_british_hit_singles
juliet,_naked	juliet,_naked
the_troll	the_troll
danger_along_the_ohio	danger_along_the_ohio
the_emperor_of_absurdia	the_emperor_of_absurdia
becoming_the_villainess	becoming_the_villainess
monkey_hunting	monkey_hunting
children_playing_before_a_statue_of_hercules	children_playing_before_a_statue_of_hercules
treasure_fever!	treasure_fever!
monica's_story	monica's_story
seduced_by_bacon	seduced_by_bacon
help_at_any_cost	help_at_any_cost
strange_messenger	strange_messenger
oakleaf_bearers	oakleaf_bearers
live_by_night	live_by_night
the_prometheus_deception	the_prometheus_deception
blueberry_girl	blueberry_girl
twilight_comes_twice	twilight_comes_twice
full_metal_jacket_diary	full_metal_jacket_diary
the_wages_of_destruction	the_wages_of_destruction
faerie_tale	faerie_tale
i_kissed_dating_goodbye	i_kissed_dating_goodbye
the_wench_is_dead	the_wench_is_dead
the_intergalactic_kitchen	the_intergalactic_kitchen
no_time_like_show_time	no_time_like_show_time
the_kill_order	the_kill_order
this_is_how_you_lose_her	this_is_how_you_lose_her
more_than_honor	more_than_honor
crossing_the_river	crossing_the_river
the_atlantis_prophecy	the_atlantis_prophecy
assassin's_apprentice	assassin's_apprentice
my_big_fat_supernatural_honeymoon	my_big_fat_supernatural_honeymoon
just_give_me_a_cool_drink_of_water_'fore_i_diiie	just_give_me_a_cool_drink_of_water_'fore_i_diiie
sex_at_dawn	sex_at_dawn
the_zen_of_css_design	the_zen_of_css_design
pizza_kittens	pizza_kittens
fergus_crane	fergus_crane
the_secret_art_of_dr._seuss	the_secret_art_of_dr._seuss
the_encyclopedia_of_fantasy	the_encyclopedia_of_fantasy
the_changeover	the_changeover
a_salty_piece_of_land	a_salty_piece_of_land
morgan's_run	morgan's_run
ladybug_girl	ladybug_girl
the_sharper_your_knife,_the_less_you_cry	the_sharper_your_knife,_the_less_you_cry
the_fleet_street_murders	the_fleet_street_murders
a_solitary_grief	a_solitary_grief
i'm_off	i'm_off
the_crooked_letter	the_crooked_letter
dermaphoria	dermaphoria
the_cat_who_had_60_whiskers	the_cat_who_had_60_whiskers
once_upon_a_secret	once_upon_a_secret
diary_of_a_wimpy_kid	diary_of_a_wimpy_kid
the_giving_tree	the_giving_tree
it's_even_worse_than_it_looks	it's_even_worse_than_it_looks
always_outnumbered,_always_outgunned	always_outnumbered,_always_outgunned
the_winter_of_frankie_machine	the_winter_of_frankie_machine
the_voyage_of_the_dawn_treader	the_voyage_of_the_dawn_treader
the_singing	the_singing
they_call_me_baba_booey	they_call_me_baba_booey
the_autograph_man	the_autograph_man
mars_life	mars_life
the_other_hand	the_other_hand
a_ball_for_daisy	a_ball_for_daisy
hello,_harvest_moon	hello,_harvest_moon
downturn_abbey	downturn_abbey
characters_of_shakespear's_plays	characters_of_shakespear's_plays
a_catskill_eagle	a_catskill_eagle
the_jane_austen_book_club	the_jane_austen_book_club
perfectly_reasonable_deviations_from_the_beaten_track	perfectly_reasonable_deviations_from_the_beaten_track
a_conspiracy_of_friends	a_conspiracy_of_friends
the_royal_ranger	the_royal_ranger
understanding_consciousness	understanding_consciousness
it's_bigger_than_hip_hop	it's_bigger_than_hip_hop
pencil_of_doom!	pencil_of_doom!
targeted_killing_in_international_law	targeted_killing_in_international_law
ritournelle_de_la_faim	ritournelle_de_la_faim
an_excellent_mystery	an_excellent_mystery
children_of_the_thunder	children_of_the_thunder
only_death_is_real	only_death_is_real
deadly_cults	deadly_cults
the_innocent_mage	the_innocent_mage
the_second_book_of_general_ignorance	the_second_book_of_general_ignorance
the_gruffalo's_child	the_gruffalo's_child
the_sheep-pig	the_sheep-pig
what_a_week_omnibus_books_1-3	what_a_week_omnibus_books_1-3
mommie_dearest	mommie_dearest
the_september_society	the_september_society
letter_to_a_christian_nation	letter_to_a_christian_nation
the_book_of_animal_ignorance	the_book_of_animal_ignorance
godslayer	godslayer
the_zookeeper's_wife	the_zookeeper's_wife
the_book_of_general_ignorance	the_book_of_general_ignorance
american_grown	american_grown
100_best_australian_albums	100_best_australian_albums
living_with_crazy_buttocks	living_with_crazy_buttocks
the_oversoul_seven_trilogy	the_oversoul_seven_trilogy
both_sides_of_time	both_sides_of_time
my_booky_wook	my_booky_wook
nellie,_1983	nellie,_1983
deadly_little_secrets	deadly_little_secrets
refugee_boy	refugee_boy
